username,last_name,first_name,gender,dob,olympics,computers,f1,hex_color,cities,channels,directions
lm66639,luca,moree,f,march 10 1996,gymnastics,compaq,alpine,c6e2ff,jeddah,tyt,north
mb44493,millian,blackmon,m,december 17 1987,swimming,apple,williams,f08080,barcelona,cnn,east
st31384,suany,trujillo,f,october 3 1994,equestrian,hp,rb,ffdab9,spielberg,hgtv,west
ms38959,moshe,sheth,m,july 28 1995,pentathlon,hp,kick_sauber,ffc0cb,austin,weather_channel,east
tm73365,tylar,meade,f,february 27 1988,badminton,apple,red_bull,0e2f44,austin,motortrend,north
cc34731,caydence,claborn,m,september 23 1997,canoe,sony,alpine,ffb6c1,yas_marina,cheddar,south
cg38333,campbell,gilfillan,f,may 22 1996,water_polo,panasonic,rb,ff00ff,suzuka,tv_land,north
rm62538,renny,montalto,m,july 3 1988,table_tennis,lg,ferrari,c0d6e4,sao_paulo,dove,west
cw41314,careem,waguespack,m,february 15 1995,swimming,apple,alpine,3399ff,barcelona,trutv,west
ha96366,halli,amparo,f,june 15 1999,weightlifting,razer,kick_sauber,cc0000,miami,bravo,east
rs11887,rudolph,sagan,m,september 1 1997,beach_volleyball,apple,alpine,000000,shanghai,mtv,east
kg91157,kyus,gerhart,m,december 8 1997,judo,intel,red_bull,101010,zandvoort,nicktoons,north
jm98438,jara,mcmillon,f,august 27 1988,tennis,samsung,kick_sauber,eeeeee,sakhir,nick_jr,north
zz42394,zaidan,zoeller,m,february 20 1999,tennis,lg,aston_martin,faebd7,sakhir,own,north
um16853,uzziah,muneton,m,september 20 1993,archery,acer,alpine,20b2aa,monza,oxygen,east
ar66137,arlene,ruffino,f,november 3 1995,pentathlon,sony,alpine,bada55,austin,nickelodeon,west
zy78583,zahrya,yeoman,f,may 14 1995,rugby,fujitsu,williams,afeeee,shanghai,cheddar,south
yg77276,yiannis,gsell,m,october 11 1986,handball,dell,aston_martin,0a75ad,lusail,galavision,south
pd46778,prophet,doney,m,august 15 1985,swimming,acer,mercedes,0000ff,baku,weather_channel,north
mp76224,meeka,pell,f,october 1 1990,diving,apple,mclaren,c6e2ff,austin,univision,south
oh99735,odai,hauge,m,november 26 1986,basketball,acer,kick_sauber,ff7f50,yas_marina,tv_land,south
rs62324,romey,svensson,f,july 11 1998,triathlon,apple,aston_martin,800000,sao_paulo,tnt,south
bm55732,blue,macfarlane,f,november 15 1999,basketball,ibm,mclaren,ff0000,yas_marina,bravo,south
tj17833,tritt,janas,m,february 19 1992,cycling,sony,haas,fff68f,barcelona,tnt,south
nk48542,nishant,kenna,m,july 5 1995,basketball,acer,aston_martin,afeeee,austin,tbs,west
ad94314,ayaka,doerner,f,february 19 1995,football,msi,williams,81d8d0,melbourne,hln,south
nc45359,nolynn,carwile,m,january 3 1992,pentathlon,fujitsu,rb,000080,sakhir,bounce,west
ad11355,alberta,dickerson,f,august 11 1997,judo,compaq,williams,ffc0cb,las_vegas,bbc,south
cb68929,carisma,beltre,f,january 4 1992,handball,microsoft,ferrari,00ffff,mexico_city,freeform,west
th74595,theseus,huckaby,m,october 9 1991,badminton,dell,ferrari,990000,las_vegas,oxygen,north
sc62489,sebastien,cavin,m,july 9 1997,fencing,razer,kick_sauber,b4eeb4,mexico_city,oxygen,west
nn64875,nigel,nylander,m,june 13 1990,water_polo,fujitsu,haas,81d8d0,zandvoort,nick_jr,north
kw36144,kamille,whittaker,f,january 5 1985,rowing,razer,aston_martin,000000,mexico_city,tyt,east
ed98182,emrynn,delahanty,f,october 26 1998,diving,msi,aston_martin,ff00ff,silverstone,docurama,east
tc87664,torey,cudworth,m,august 11 1992,diving,sony,aston_martin,c0d6e4,shanghai,syfy,east
ma24472,moise,armas,m,september 9 1993,archery,samsung,mercedes,cbbeb5,spa,discovery,west
dt18686,dayanara,tessier,f,july 21 1992,athletics,lg,kick_sauber,ff7f50,jeddah,hln,south
kk62313,klara,kleiber,f,april 19 1997,table_tennis,sony,kick_sauber,00ff00,sakhir,espn,north
kb94493,karen,brill,f,june 10 1998,boxing,compaq,rb,81d8d0,monaco,espn,south
rb49521,raeyah,bourquin,f,november 7 1990,football,acer,mercedes,ccff00,las_vegas,nickelodeon,south
ef46916,evann,friedrich,f,december 25 1993,badminton,gateway,mercedes,ff0000,monza,cnn,south
ab78259,alexandra,brodie,f,may 23 1986,golf,intel,williams,00ff7f,zandvoort,syfy,north
db73477,delani,bullinger,f,november 12 1992,shooting,lenovo,mclaren,f0f8ff,sakhir,galavision,west
ks28147,kerri,swindell,f,october 9 1986,weightlifting,intel,alpine,0a75ad,baku,qvc,east
vp46314,vedanth,powley,m,april 4 1994,triathlon,razer,mercedes,8a2be2,mexico_city,cheddar,south
sy97798,seerat,yardley,f,december 18 1986,beach_volleyball,sony,mercedes,133337,lusail,national_geographic,south
ir24558,isleigh,rossman,f,september 25 1987,equestrian,panasonic,williams,f08080,lusail,freeform,north
cc84393,celene,cashion,f,december 11 1986,badminton,compaq,rb,7fffd4,barcelona,abc,east
dc27837,dodger,chouinard,m,march 8 1994,hockey,razer,red_bull,0000ff,spa,comedy_central,south
mp97911,mathias,pinckney,m,june 12 1988,pentathlon,razer,mercedes,3399ff,monaco,docurama,west
ac33317,ansel,clift,m,april 13 1992,judo,panasonic,alpine,e6e6fa,zandvoort,fx,north
cs25891,cynthia,spangler,f,february 2 1995,canoe,samsung,aston_martin,c0c0c0,lusail,motortrend,east
cp41212,coralei,parkinson,f,may 17 1994,beach_volleyball,ibm,mclaren,ffd700,mexico_city,freeform,south
bd54167,balian,doscher,m,february 4 1994,fencing,hp,red_bull,00ff7f,mexico_city,hallmark,north
zw99722,zooey,werling,f,february 7 1999,pentathlon,lg,rb,008080,montreal,national_geographic,west
cl33948,cowan,laufer,m,july 17 1993,rugby,apple,kick_sauber,0a75ad,jeddah,syfy,west
kn96311,kahealani,novosel,f,april 7 1999,judo,razer,williams,00ff7f,sakhir,ion,north
re86842,rosita,edman,f,january 29 1986,pentathlon,gateway,ferrari,ff1493,monza,msnbc,east
js15359,jr,stetz,m,november 17 1995,canoe,fujitsu,ferrari,f5f5dc,silverstone,amc,east
jb56676,jimin,brakefield,m,november 23 1987,canoe,ibm,haas,cc0000,montreal,paramount,west
zh96931,zyria,hutchins,f,december 15 1998,triathlon,lenovo,ferrari,ff80ed,zandvoort,fox,west
ad25144,alissia,drews,f,march 4 1991,equestrian,lg,rb,800080,silverstone,weather_channel,west
jr97815,jimi,ripplinger,f,october 6 1997,sailing,compaq,kick_sauber,ff7373,austin,fox,east
aa55237,araiya,anna,f,october 19 1996,shooting,razer,aston_martin,66cdaa,budapest,nicktoons,east
ih93963,iaan,heacock,m,august 15 1986,swimming,sony,ferrari,d3ffce,budapest,necn,west
ka15695,khilan,alers,m,september 21 1988,equestrian,microsoft,mclaren,ffd700,lusail,galavision,east
eb27275,ekam,binns,m,february 12 1986,sailing,lenovo,red_bull,a0db8e,singapore,telemundo,north
bh35461,baker,hites,f,august 7 1989,gymnastics,sony,williams,ff6666,baku,fs2,west
pp13515,palmer,pecoraro,m,august 24 1999,pentathlon,lenovo,kick_sauber,808080,shanghai,motortrend,west
jt28468,jeanelle,townsend,f,september 1 1985,golf,dell,kick_sauber,7fffd4,budapest,ion,north
iw96895,ifeanyi,waldeck,m,march 12 1990,boxing,compaq,williams,dddddd,suzuka,nick_jr,north
mk44728,milarae,kwak,f,december 15 1996,volleyball,panasonic,red_bull,ffdab9,monza,food_network,east
rf29769,rustin,fister,m,december 4 1986,swimming,intel,aston_martin,d3ffce,imola,espn,north
rt15473,romulus,touchton,m,june 28 1995,shooting,dell,rb,ff6666,montreal,nicktoons,east
bm42879,brenan,mccabe,m,september 9 1993,cycling,microsoft,haas,696969,spa,fs1,north
ba13911,billion,apicella,m,august 12 1989,rowing,apple,aston_martin,b6fcd5,monaco,hgtv,south
os37489,oluwaferanmi,sowa,f,june 10 1991,weightlifting,toshiba,kick_sauber,0e2f44,melbourne,cnn,west
dc94471,daja,copper,f,april 19 1993,taekwondo,panasonic,mclaren,00ced1,budapest,comedy_central,east
ls78433,laylonnie,sabia,f,january 19 1988,triathlon,razer,red_bull,8a2be2,miami,lafc,west
jk67563,jimmie,kohan,f,january 27 1993,bmx,microsoft,aston_martin,ffc3a0,miami,accn,south
pb37679,parris,barto,m,january 15 1986,volleyball,apple,ferrari,794044,spa,comedy_central,east
ss99894,skylie,stradling,f,may 21 1987,archery,samsung,aston_martin,808080,budapest,discovery,east
lh96928,lorelle,haid,f,october 18 1989,trampoline,apple,kick_sauber,d3ffce,yas_marina,univision,north
gh19273,gianmarco,hearon,m,february 22 1992,handball,intel,haas,ffb6c1,spa,fx,east
dm19439,diala,mcphaul,f,may 10 1990,handball,msi,haas,bada55,monaco,oxygen,east
ab59815,arkadiusz,bollinger,m,august 28 1991,athletics,gateway,aston_martin,008080,sao_paulo,cw,north
eg81665,ein,goehring,m,december 27 1994,swimming,msi,williams,cc0000,yas_marina,hgtv,north
as69642,alura,skiles,f,january 21 1987,equestrian,fujitsu,rb,f08080,spielberg,discovery,west
cs93648,charlotterose,santarelli,f,february 30 1985,swimming,samsung,haas,b0e0e6,austin,amc,south
rs38493,rahyl,steedley,m,april 25 1985,equestrian,ibm,haas,ccff00,budapest,oxygen,north
jg79145,juell,goodenough,m,july 19 1989,diving,lg,kick_sauber,20b2aa,sakhir,cartoon_network,east
cp46545,christie,piontek,f,march 21 1985,football,intel,mercedes,f0f8ff,lusail,disney,west
bh84574,burak,hollingshed,m,july 23 1994,badminton,dell,williams,ffff00,suzuka,hgtv,east
ks56894,kashley,schiefelbein,f,december 13 1991,equestrian,acer,aston_martin,990000,sakhir,natgeo_wild,north
rh95187,roger,hocking,m,september 19 1993,beach_volleyball,msi,mercedes,ffc3a0,lusail,paramount,east
lh18197,lexa,hamblin,f,september 8 1990,archery,fujitsu,williams,0000ff,zandvoort,tbs,west
cv79744,caliya,viall,f,august 22 1993,sailing,acer,haas,ffd700,sao_paulo,cw,south
zp41226,zaydon,pullen,m,november 21 1991,triathlon,lg,aston_martin,ffc0cb,zandvoort,ifc,south
ir79584,imanol,rabideau,m,september 8 1988,badminton,fujitsu,ferrari,f6546a,melbourne,nbclx,west
ac99795,alyce,colpitts,f,august 3 1985,swimming,razer,aston_martin,ff7f50,zandvoort,cnn,east
ap82678,ahri,percy,f,may 21 1991,table_tennis,lenovo,haas,b0e0e6,silverstone,cmt,south
kh36692,kelson,hitt,m,february 6 1988,triathlon,apple,mercedes,ff00ff,jeddah,nick_jr,west
bm72751,brenda,mould,f,august 16 1992,rowing,apple,aston_martin,ffffff,las_vegas,tyt,north
jp43636,jaliel,plummer,m,april 20 1992,canoe,sony,mercedes,d3ffce,las_vegas,nickelodeon,south
es34327,emerie,streater,f,february 25 1995,canoe,hp,alpine,8b0000,sao_paulo,nbclx,south
gw56541,ginny,wilczynski,f,december 6 1987,badminton,samsung,aston_martin,660066,lusail,bounce,north
rk66215,ridwan,konecny,m,april 19 1992,weightlifting,hp,haas,ffe4e1,austin,tbs,north
lc13125,lola,crooke,f,september 15 1998,weightlifting,panasonic,mclaren,660066,spielberg,cartoon_network,north
am53316,arwyn,morquecho,f,august 11 1987,athletics,toshiba,mercedes,ff6666,silverstone,weather_channel,east
at36398,annelise,tedford,f,october 26 1997,wrestling,samsung,kick_sauber,0e2f44,sakhir,food_network,north
zc34857,zakyra,carrozza,f,december 6 1997,sailing,hp,haas,008000,spielberg,fs2,west
hh76645,hakan,hawker,m,april 16 1994,wrestling,razer,rb,b4eeb4,austin,nbcsn,west
np61723,nyheim,primeaux,m,september 6 1985,taekwondo,ibm,rb,ffff66,jeddah,amc,east
db48269,demoni,barkley,f,may 18 1991,rugby,msi,haas,696969,austin,trutv,west
ln26779,lina,naz,f,august 17 1996,tennis,msi,mclaren,b0e0e6,monza,abc,north
ei95346,evansh,izquierdo,m,july 19 1990,trampoline,apple,red_bull,f5f5dc,las_vegas,nbcsn,north
mr55528,mosa,rayon,m,november 2 1998,wrestling,compaq,mclaren,ffc3a0,silverstone,cbs,north
kk19526,kieryn,konkel,f,june 24 1999,boxing,gateway,kick_sauber,ff4040,lusail,adult_swim,west
ge83771,graves,ebner,m,august 9 1995,wrestling,intel,mclaren,ffb6c1,sao_paulo,cw,east
rb28629,rickie,burnham,f,september 26 1993,triathlon,apple,mclaren,fff68f,suzuka,nba_tv,west
hs77957,hanna,sander,f,september 10 1988,judo,samsung,kick_sauber,ffe4e1,barcelona,bravo,south
bn72936,boy,naing,m,february 21 1998,sailing,sony,rb,000000,austin,golf_channel,west
an97521,autry,noto,f,october 30 1986,archery,sony,mercedes,cccccc,las_vegas,hgtv,south
aj13837,atleigh,jamal,f,january 15 1988,gymnastics,msi,kick_sauber,00ff00,monaco,nbclx,north
rk83624,rhema,klahn,m,august 10 1987,gymnastics,apple,kick_sauber,cbbeb5,monaco,nicktoons,north
ah18679,alihan,hetrick,m,september 2 1997,trampoline,dell,aston_martin,000080,monza,hsn,west
ak22332,athiran,koprowski,m,december 29 1988,golf,razer,kick_sauber,ccff00,jeddah,syfy,east
ah89921,abubacarr,hirst,m,march 16 1986,sailing,hp,kick_sauber,c0d6e4,spielberg,espn,east
sb94515,saron,bice,f,september 27 1986,wrestling,hp,red_bull,3399ff,spielberg,animal_planet,east
nl37181,niles,linn,m,january 14 1990,fencing,samsung,haas,ffff66,singapore,nickelodeon,south
nr35216,noelly,rybak,f,april 25 1994,water_polo,compaq,ferrari,00ff7f,spa,abc,south
ne16816,naphtali,erpelding,f,january 30 1993,bmx,hp,rb,ffdab9,jeddah,adult_swim,east
tf58124,trae,frisbee,m,april 16 1985,basketball,lg,mercedes,468499,mexico_city,btn,west
as22658,absalom,salamanca,m,august 22 1999,water_polo,msi,kick_sauber,133337,montreal,ifc,east
wr28664,wysdom,rials,f,june 21 1993,diving,dell,mercedes,800000,zandvoort,cw,west
bb17238,bensen,bonet,m,february 25 1993,gymnastics,apple,haas,808080,monza,freeform,south
da63988,deontae,augustus,m,august 18 1991,equestrian,fujitsu,williams,00ced1,sao_paulo,abc,east
pc56277,pennelope,clinkenbeard,f,july 15 1998,judo,ibm,red_bull,40e0d0,yas_marina,tnt,west
pn51897,phillip,norrell,m,march 14 1994,volleyball,intel,mclaren,eeeeee,imola,abc,west
ac39369,aayla,carrillo,f,october 10 1990,wrestling,dell,red_bull,696969,imola,comedy_central,north
jl27199,jalie,lesniewski,f,april 29 1985,trampoline,fujitsu,haas,cccccc,spa,oxygen,north
ml56115,meisha,lawton,f,february 28 1987,fencing,apple,mercedes,ff4040,barcelona,msnbc,south
tk74524,taysum,keitt,m,november 16 1997,golf,apple,aston_martin,008000,mexico_city,national_geographic,north
sb42451,sonni,beaubrun,m,december 13 1994,equestrian,dell,haas,b4eeb4,montreal,galavision,north
ep85117,elham,pershing,m,december 28 1994,trampoline,toshiba,haas,800080,austin,nbclx,north
jv65956,jelissa,vickers,f,may 5 1985,beach_volleyball,gateway,mclaren,ffd700,budapest,cw,east
as75719,arrietty,spradley,f,april 9 1995,shooting,acer,williams,999999,silverstone,disney,north
dh67812,daylyn,houk,f,september 13 1985,beach_volleyball,apple,mclaren,003366,yas_marina,bounce,south
ec15314,erioluwa,culp,f,november 3 1995,water_polo,toshiba,ferrari,b4eeb4,mexico_city,food_network,south
zc52151,zaiyaan,challenger,m,august 29 1990,basketball,acer,ferrari,ffc0cb,zandvoort,btn,west
ap73275,aryanna,pendley,f,may 16 1988,boxing,compaq,kick_sauber,00ff00,melbourne,golf_channel,north
rs13946,rorey,sansoucie,f,october 9 1999,athletics,samsung,alpine,696969,spa,bbc,west
dv34929,darkiel,vora,m,february 24 1989,swimming,lg,williams,696969,spielberg,fox,east
kh42931,kastin,hann,m,july 30 1987,weightlifting,samsung,aston_martin,ff00ff,sao_paulo,natgeo_wild,south
ag68895,abou,govea,m,january 12 1991,sailing,hp,williams,fff68f,imola,nbc,west
rs87377,regan,sisneros,m,march 11 1986,water_polo,apple,haas,ff7f50,shanghai,vh1,north
bb34675,bryony,buel,f,april 8 1992,diving,samsung,aston_martin,f6546a,budapest,usa,north
ek35524,evi,kopp,f,november 19 1995,sailing,razer,alpine,b4eeb4,sakhir,tcm,east
ff25151,francia,faires,f,november 17 1990,swimming,compaq,red_bull,808080,las_vegas,cbs,north
kn77649,kashton,neher,m,october 19 1996,handball,apple,alpine,794044,yas_marina,fs1,east
nh88336,nasteho,hoadley,f,august 17 1999,trampoline,ibm,kick_sauber,a0db8e,melbourne,motortrend,east
kd43944,kayior,demay,f,june 30 1998,shooting,msi,williams,0000ff,shanghai,abc,south
sc21211,sayyora,cichocki,f,october 26 1998,handball,lenovo,red_bull,fa8072,melbourne,pbs,north
ks93412,kysir,stillman,m,february 10 1995,sailing,compaq,mercedes,133337,mexico_city,pbs,west
jb23892,jhamil,bahl,m,april 11 1989,handball,gateway,haas,fa8072,austin,motortrend,east
cw16945,chozyn,whitehead,f,july 17 1988,wrestling,sony,ferrari,ffd700,montreal,nickelodeon,north
wf88123,wynston,finstad,m,february 30 1985,canoe,gateway,mercedes,800080,imola,golf_channel,north
at92743,anelle,trimble,f,november 30 1994,volleyball,gateway,alpine,cc0000,silverstone,tyt,north
bb22396,bodhin,binkley,m,june 5 1987,beach_volleyball,lenovo,williams,ffe4e1,sao_paulo,pbs,west
pf93778,pace,forton,m,november 25 1988,diving,dell,kick_sauber,daa520,spa,vh1,north
zt75121,zeki,tomko,m,september 2 1998,gymnastics,toshiba,williams,ffdab9,las_vegas,motortrend,south
dv76781,dharius,villeda,m,march 30 1997,basketball,lg,alpine,660066,spa,tv_land,east
nc76498,nariyah,champion,f,february 24 1999,wrestling,ibm,red_bull,794044,sakhir,tlc,north
km41974,khyleigh,mix,f,october 16 1989,cycling,compaq,ferrari,ffc0cb,austin,btn,west
sv71924,sahla,vanderpool,f,december 8 1998,boxing,msi,kick_sauber,ff1493,monza,necn,west
lp91311,landin,prude,m,october 24 1993,judo,panasonic,alpine,088da5,imola,fs2,west
am24898,ameliagrace,musso,f,july 19 1998,basketball,panasonic,rb,333333,yas_marina,nickelodeon,west
pp13677,patsy,peppard,f,december 23 1991,fencing,acer,mercedes,f08080,silverstone,fs2,east
dm22184,dreux,maynard,m,march 15 1997,equestrian,microsoft,mclaren,999999,imola,tyt,west
jg45368,jovanni,gartin,f,september 15 1999,tennis,razer,mercedes,ffff66,baku,tbs,west
ad99895,aymara,diep,f,november 15 1986,shooting,lg,haas,008000,sakhir,tbs,east
pt39742,payge,trump,f,june 24 1991,beach_volleyball,fujitsu,haas,0e2f44,las_vegas,bet,north
om98165,oriana,midgette,f,august 15 1997,basketball,razer,mercedes,468499,suzuka,hallmark,west
jd16199,juleon,deveaux,m,may 7 1995,boxing,lg,kick_sauber,c0c0c0,mexico_city,nbcsn,east
ry79852,rainee,yarbro,f,june 26 1994,wrestling,compaq,rb,20b2aa,zandvoort,cnn,north
sm97192,salih,mohammed,m,february 22 1999,canoe,lg,rb,c6e2ff,singapore,disney,south
sg13821,sani,glancy,f,april 8 1985,gymnastics,ibm,kick_sauber,ffff00,spa,nbcsn,east
yw81217,yimo,wingerter,f,may 26 1989,triathlon,compaq,ferrari,ffb6c1,suzuka,nbc,west
pf76537,phoenyx,faw,m,july 3 1986,golf,fujitsu,red_bull,2acaea,singapore,abc,east
ds71946,debonair,shriner,m,july 22 1985,taekwondo,lenovo,williams,ff00ff,zandvoort,cnbc,north
sd93256,samary,dewberry,f,december 22 1996,athletics,lenovo,aston_martin,101010,spa,univision,south
zl48512,zakylah,levi,f,november 6 1986,table_tennis,microsoft,williams,794044,las_vegas,cbs,north
oa36582,omran,ambrose,m,september 14 1990,water_polo,sony,williams,065535,sao_paulo,cartoon_network,north
bc22427,birdy,colley,f,february 3 1999,taekwondo,ibm,rb,ff1493,yas_marina,univision,south
dl76719,delayah,latta,f,june 12 1996,boxing,compaq,ferrari,666666,las_vegas,tbs,east
nr99152,nyxon,re,m,july 10 1998,basketball,samsung,alpine,101010,sao_paulo,bet,west
cb13487,cadence,bommarito,f,july 26 1996,handball,sony,mercedes,ff6666,suzuka,cartoon_network,north
ks29138,kaimir,streiff,m,july 8 1990,diving,razer,rb,ff4040,las_vegas,cartoon_network,north
ab33194,antavious,bonhomme,m,february 9 1997,shooting,samsung,aston_martin,2acaea,mexico_city,comedy_central,south
tg52712,toni,gemmell,m,may 21 1985,swimming,dell,williams,f5f5f5,melbourne,paramount,east
du23497,devonte,upshur,m,january 16 1986,judo,ibm,aston_martin,c0d6e4,monza,univision,north
sa49524,sriya,arnone,f,february 10 1985,triathlon,razer,rb,800080,spa,tyt,north
ee13439,ellani,etter,f,august 23 1996,basketball,toshiba,aston_martin,fa8072,montreal,nbclx,west
cd49813,camille,dubon,f,february 1 1995,beach_volleyball,dell,mclaren,ffdab9,shanghai,motortrend,north
rc86549,rawlins,castagna,m,february 23 1988,gymnastics,panasonic,mercedes,66cdaa,sao_paulo,btn,south
rk16689,rahman,kauffman,m,april 19 1996,archery,intel,haas,468499,mexico_city,cbs,south
sg92446,samreen,gault,f,february 22 1990,bmx,ibm,ferrari,ffffff,montreal,cartoon_network,east
sc55471,shealyn,curnow,f,february 4 1996,judo,hp,kick_sauber,c0c0c0,sao_paulo,cw,north
ac83239,azlan,casa,m,december 6 1994,canoe,razer,alpine,ffd700,shanghai,abc,west
mb33533,miran,belote,f,may 18 1991,archery,fujitsu,williams,7fffd4,barcelona,qvc,east
is39651,ilija,scheiner,m,april 19 1995,wrestling,microsoft,aston_martin,c39797,barcelona,vh1,west
dr68839,draiden,rabb,m,june 6 1986,swimming,microsoft,haas,8b0000,spa,nba_tv,west
vl44864,vincente,linebarger,m,may 21 1986,equestrian,microsoft,red_bull,eeeeee,miami,nbcsn,north
jb13786,jerzei,brookman,f,september 27 1994,football,gateway,williams,dddddd,miami,disney,east
ss22512,shree,stahl,f,april 15 1998,basketball,intel,ferrari,000000,zandvoort,cnn,north
rd45795,roy,duboise,m,july 14 1994,football,toshiba,mercedes,ffa500,silverstone,hgtv,west
jp66913,jastin,pribyl,m,december 6 1989,basketball,apple,williams,b4eeb4,sao_paulo,hallmark,north
ms69268,mako,sarr,m,august 6 1994,fencing,hp,haas,b0e0e6,zandvoort,food_network,north
zf98794,zayven,flesher,m,august 19 1994,shooting,apple,red_bull,ffffff,montreal,tcm,north
fo77168,fidel,oswald,m,november 16 1997,bmx,samsung,ferrari,420420,melbourne,bravo,west
io11599,ivorie,orwig,f,november 14 1998,football,acer,mercedes,fff68f,austin,nick_jr,east
xs33138,xareny,sparling,f,january 13 1993,cycling,intel,rb,40e0d0,zandvoort,telemundo,south
kb45468,kove,brasfield,f,september 25 1991,water_polo,dell,aston_martin,40e0d0,austin,telemundo,east
sc99289,saturnino,coutinho,m,march 23 1992,triathlon,fujitsu,aston_martin,ffc0cb,monza,tv_land,east
ww65128,wynonna,wick,f,november 29 1998,badminton,razer,mercedes,ff6666,singapore,bbc,north
db28693,donny,bedingfield,m,february 8 1988,handball,gateway,kick_sauber,00ff00,silverstone,accn,east
ah91891,ayren,hoekstra,m,december 22 1992,judo,msi,ferrari,ffe4e1,singapore,oxygen,east
hf98498,hartley,flournoy,m,january 18 1998,table_tennis,sony,williams,cbbeb5,mexico_city,lafc,east
mb23422,marra,banton,f,april 14 1997,volleyball,samsung,williams,ffdab9,baku,nba_tv,south
rm74549,robyn,manasco,m,october 18 1992,wrestling,dell,red_bull,00ff00,spa,hsn,west
el62828,ellieanne,louie,f,november 6 1994,basketball,microsoft,aston_martin,ffff66,shanghai,ifc,north
mb97531,mico,beery,m,december 1 1992,trampoline,ibm,aston_martin,ffa500,las_vegas,necn,south
ms41683,meral,space,f,june 14 1989,beach_volleyball,msi,red_bull,2acaea,jeddah,nbclx,south
st94529,sarabeth,tourville,f,june 20 1997,basketball,gateway,rb,daa520,melbourne,national_geographic,west
lv12553,lynneah,vives,f,october 23 1986,hockey,apple,haas,3399ff,austin,nbclx,west
tj31555,tess,jolivette,f,october 3 1999,football,intel,red_bull,66cccc,suzuka,cw,north
tm96951,talulla,momin,f,september 19 1994,beach_volleyball,hp,rb,468499,yas_marina,nba_tv,south
kc86635,kohler,cade,m,september 11 1993,beach_volleyball,intel,rb,daa520,spa,tnt,south
jw71622,jhoan,weathersbee,m,april 29 1995,judo,dell,red_bull,c39797,sakhir,bet,west
mg15883,mercedez,garfias,f,february 12 1994,canoe,sony,haas,008000,monza,lafc,east
cc37667,chance,crater,m,august 29 1987,rugby,razer,williams,666666,austin,hln,north
ks58131,karanveer,sandford,m,march 2 1994,hockey,gateway,mercedes,660066,zandvoort,dove,north
ig81561,izza,gillett,f,may 14 1991,shooting,samsung,alpine,bada55,imola,bet,west
jc17741,jannely,cieslak,f,july 10 1987,hockey,compaq,mercedes,00ff7f,sao_paulo,natgeo_wild,west
am36443,archit,merchan,m,june 25 1986,tennis,dell,alpine,065535,las_vegas,univision,west
bf22457,bailie,fickling,f,june 1 1997,canoe,sony,alpine,333333,budapest,oxygen,east
kc52672,kylaya,cerny,f,august 9 1985,triathlon,fujitsu,aston_martin,088da5,singapore,espn,east
ap68344,arlette,parsell,f,december 13 1990,archery,panasonic,rb,f0f8ff,barcelona,bravo,west
ar98589,armonte,rowand,m,july 3 1994,equestrian,razer,kick_sauber,990000,las_vegas,comedy_central,east
lm17464,lany,macintyre,f,september 11 1985,beach_volleyball,sony,rb,2acaea,miami,qvc,west
jh27266,jahvier,hansard,m,january 18 1996,rowing,sony,haas,c39797,imola,paramount,north
ns71714,naithan,savoie,m,april 10 1996,taekwondo,razer,alpine,b0e0e6,silverstone,nickelodeon,west
zv45446,zachai,vansickle,m,october 27 1989,weightlifting,fujitsu,ferrari,afeeee,mexico_city,cheddar,west
am56997,allisyn,maurin,f,may 18 1993,pentathlon,razer,haas,ff7f50,spa,adult_swim,south
cn51497,chinmayi,navar,f,april 23 1995,water_polo,acer,rb,66cccc,sakhir,discovery,east
kp27466,kalany,palmisano,f,may 18 1985,rugby,panasonic,williams,468499,austin,nbc,south
cs59735,corbyn,squier,f,february 28 1995,taekwondo,lenovo,alpine,f6546a,miami,bbc,south
lh62331,langston,harada,m,april 30 1988,canoe,fujitsu,alpine,f6546a,imola,weather_channel,east
rf21289,raja,fossett,m,may 20 1986,tennis,fujitsu,williams,999999,sao_paulo,national_geographic,west
lc24429,lorenza,cerrillo,f,february 7 1996,boxing,compaq,ferrari,b0e0e6,spielberg,lafc,east
iw28729,irish,wolfer,f,april 2 1986,weightlifting,fujitsu,ferrari,990000,monza,espn,north
ml55149,meliodas,lentini,m,december 7 1990,bmx,compaq,rb,7fffd4,las_vegas,nbcsn,east
lk33982,liorah,kronenberg,f,september 26 1995,gymnastics,razer,mclaren,b6fcd5,lusail,fox,west
qb61637,quintrell,babinski,m,october 27 1992,archery,microsoft,rb,66cccc,las_vegas,pbs,south
bf83525,benjy,fitts,m,october 11 1993,volleyball,lg,haas,7fffd4,singapore,freeform,west
ss87496,sonnie,sipos,f,october 22 1997,pentathlon,lg,aston_martin,008080,suzuka,espn,west
rv68445,rylynne,vince,f,november 9 1989,cycling,intel,williams,000000,lusail,lafc,north
lc88217,layanna,carner,f,november 20 1998,volleyball,intel,haas,cccccc,silverstone,lafc,south
sb35476,sameera,breon,f,february 5 1987,swimming,razer,haas,2acaea,suzuka,nbclx,south
ks51716,kiree,stayer,m,september 1 1994,rugby,ibm,red_bull,003366,spielberg,fx,south
bv92896,bernabe,veloz,m,june 10 1994,trampoline,panasonic,red_bull,808080,monaco,hsn,east
rs96337,raudel,siebert,m,september 20 1986,athletics,intel,ferrari,794044,las_vegas,hallmark,west
lb49941,laysha,bowers,f,december 16 1997,handball,panasonic,aston_martin,cccccc,lusail,qvc,west
so74922,sanjana,obey,f,october 10 1996,archery,intel,mclaren,ffff00,silverstone,fox,west
am45641,aylin,monks,m,march 20 1997,golf,lenovo,ferrari,f5f5dc,mexico_city,animal_planet,south
gm42428,genovia,maron,f,october 28 1986,taekwondo,acer,kick_sauber,8a2be2,miami,necn,east
vc56327,vidal,cathers,m,december 6 1993,cycling,acer,rb,ff00ff,zandvoort,usa,east
do35377,dreka,odwyer,f,february 7 1997,shooting,hp,red_bull,ff80ed,zandvoort,tyt,west
mk51525,mylani,klosterman,f,january 19 1987,tennis,fujitsu,kick_sauber,e6e6fa,lusail,motortrend,south
sg15328,steffany,guttman,f,february 9 1987,boxing,hp,ferrari,ff0000,sakhir,cbs,south
sc16442,safwaan,chaves,m,september 10 1998,water_polo,intel,red_bull,c0c0c0,suzuka,own,south
nm25832,nixyn,mayle,f,march 17 1996,table_tennis,ibm,williams,fff68f,sakhir,cw,south
zz54579,zyheir,ziebell,m,february 30 1986,table_tennis,microsoft,aston_martin,f08080,baku,golf_channel,east
jm92318,jayshon,mughal,m,november 30 1988,fencing,samsung,rb,f6546a,singapore,animal_planet,east
to43629,trustin,okeeffe,m,december 6 1985,golf,msi,ferrari,7fffd4,zandvoort,hln,west
kw85562,khyra,warwick,f,july 20 1991,rugby,razer,williams,a0db8e,austin,tv_land,east
kb63622,kasher,barczak,m,april 12 1994,gymnastics,toshiba,red_bull,ffb6c1,yas_marina,mtv,west
dr54681,dove,rothenberger,f,april 24 1990,tennis,apple,mclaren,40e0d0,zandvoort,vh1,west
lo22952,leomar,ordway,m,may 8 1990,boxing,panasonic,red_bull,ccff00,silverstone,docurama,south
jo18155,jhream,oien,f,january 25 1988,shooting,hp,red_bull,ffdab9,montreal,tlc,north
rm74619,richardson,meas,m,may 29 1989,athletics,lg,ferrari,c0d6e4,baku,bet,north
ab52225,azria,brunette,f,august 22 1993,tennis,compaq,mclaren,cccccc,silverstone,tlc,north
kw66298,kain,welcher,m,october 17 1996,athletics,toshiba,ferrari,b6fcd5,singapore,vh1,north
yc88662,yann,coad,m,november 26 1989,boxing,lg,mercedes,ffffff,jeddah,national_geographic,north
ms36816,mahlon,stalvey,m,february 12 1996,badminton,toshiba,mercedes,00ffff,lusail,fs1,east
sb74613,san,badolato,m,august 18 1993,table_tennis,toshiba,kick_sauber,ff80ed,imola,bbc,east
jr73928,jola,raver,f,august 20 1990,weightlifting,toshiba,alpine,133337,melbourne,fx,west
yb49935,yakout,brancato,f,july 23 1985,gymnastics,dell,red_bull,0e2f44,zandvoort,tv_land,east
dw96199,deyner,womer,m,october 11 1985,tennis,razer,kick_sauber,faebd7,baku,galavision,north
ef45731,ellamay,foreman,f,july 18 1988,table_tennis,compaq,alpine,ffe4e1,barcelona,necn,west
dc89665,daegan,clegg,m,april 9 1996,rugby,hp,mclaren,fa8072,imola,fox,south
kl65486,kahleo,leiker,m,february 17 1988,taekwondo,toshiba,alpine,0e2f44,zandvoort,telemundo,south
bm37328,beaux,manor,m,august 2 1992,rowing,hp,red_bull,ccff00,shanghai,cnbc,west
ab12945,abdulhakeem,bywater,m,april 8 1986,rugby,lenovo,haas,420420,silverstone,nba_tv,north
tb44638,taleiah,balazs,f,july 4 1989,badminton,dell,haas,ffc0cb,mexico_city,cbs,east
bv68824,brigitte,virgilio,f,november 4 1992,fencing,fujitsu,mercedes,000080,monaco,tcm,north
aa79464,avyon,anctil,m,july 8 1987,volleyball,microsoft,kick_sauber,daa520,spa,cnn,east
jd26493,jahan,desrosier,m,july 16 1998,pentathlon,razer,kick_sauber,ffb6c1,las_vegas,nbclx,south
be15573,beau,espindola,f,october 22 1995,archery,gateway,mercedes,101010,singapore,bbc,north
rf11621,ridley,fonte,f,december 12 1985,golf,toshiba,kick_sauber,00ced1,baku,cartoon_network,south
ks61314,kashlynn,seawell,f,september 12 1993,golf,gateway,rb,990000,austin,motortrend,west
ad78116,aly,dumond,f,september 22 1987,boxing,dell,red_bull,8b0000,sakhir,fx,west
vk89717,valen,kinloch,m,january 16 1988,gymnastics,apple,mercedes,fa8072,yas_marina,nbcsn,west
dg34916,denise,grabau,f,june 10 1986,sailing,dell,alpine,b4eeb4,spa,national_geographic,south
nn74697,nicandro,nowlan,m,july 16 1999,basketball,compaq,alpine,ccff00,monza,comedy_central,north
ar45947,averly,record,f,june 12 1995,golf,razer,mercedes,40e0d0,shanghai,freeform,south
jw36335,jep,weathersby,m,january 2 1988,table_tennis,intel,ferrari,dddddd,silverstone,cnbc,east
kr14595,korayma,riggins,f,july 27 1999,rowing,lg,haas,c0c0c0,montreal,tlc,south
cv46254,caliber,villagran,f,november 21 1991,table_tennis,razer,alpine,cbbeb5,sao_paulo,nbc,west
di46176,demira,imai,f,june 28 1992,cycling,hp,ferrari,c0d6e4,mexico_city,univision,south
th53918,tiyon,higuera,m,july 21 1991,cycling,lenovo,haas,ffdab9,imola,amc,east
ae29714,adlee,ehlert,f,august 15 1991,gymnastics,intel,ferrari,faebd7,imola,docurama,east
kh99212,kandon,heston,m,january 24 1986,fencing,intel,mclaren,ff6666,baku,espn,west
dr69375,devon,rizvi,m,september 24 1991,fencing,fujitsu,williams,f6546a,austin,syfy,west
er64763,emalie,ribble,f,january 24 1996,taekwondo,razer,ferrari,420420,monaco,usa,west
jr84618,josephina,reiss,f,december 6 1992,triathlon,msi,aston_martin,ff00ff,spielberg,nbc,east
mh49454,michah,hellman,m,march 1 1999,table_tennis,microsoft,kick_sauber,ff6666,barcelona,univision,east
tf44198,trayon,froemming,m,august 26 1987,rugby,microsoft,williams,800000,sakhir,freeform,south
yf66123,yosiah,friedrichs,m,august 2 1993,archery,toshiba,alpine,c0d6e4,yas_marina,tlc,south
jc48311,jerod,chris,m,october 24 1988,trampoline,apple,mclaren,ffffff,suzuka,fox,west
yh38771,yaira,harrison,f,may 29 1995,judo,lenovo,mclaren,6897bb,shanghai,bet,south
rd32897,rabia,dittman,f,december 12 1991,swimming,razer,red_bull,ff00ff,lusail,lafc,west
da33826,dany,angus,m,september 11 1989,table_tennis,gateway,ferrari,b6fcd5,shanghai,fx,north
tr88648,tyeson,riva,m,december 7 1996,weightlifting,intel,red_bull,7fffd4,monaco,vh1,east
ap29326,action,porcelli,m,june 21 1990,taekwondo,lenovo,mclaren,808080,monaco,mtv,north
ko48178,kiarra,outlaw,f,august 23 1990,pentathlon,ibm,mclaren,faebd7,sao_paulo,tv_land,east
ml34184,malayia,leija,f,december 12 1986,bmx,dell,kick_sauber,008080,montreal,galavision,east
kc73557,keilin,coffee,f,march 25 1999,judo,gateway,alpine,008000,mexico_city,syfy,north
gt27575,gaige,thetford,m,january 26 1985,boxing,dell,mclaren,afeeee,austin,lafc,south
em59361,emmalynne,minnifield,f,may 27 1988,wrestling,microsoft,kick_sauber,ff80ed,spielberg,mtv,east
ep53537,elanah,papadopoulos,f,august 13 1996,wrestling,apple,red_bull,7fffd4,monza,cnbc,west
lp49693,lanah,padilla,f,november 26 1997,swimming,razer,ferrari,008000,mexico_city,tlc,east
vc45272,viviani,christen,f,december 23 1990,boxing,ibm,kick_sauber,808080,silverstone,nick_jr,south
nk78524,nikolo,kimpel,m,october 7 1990,cycling,microsoft,alpine,ffff66,melbourne,paramount,east
zg87454,zayan,geist,m,february 10 1989,canoe,razer,kick_sauber,0e2f44,barcelona,univision,west
mr68575,malichi,rene,m,june 3 1998,athletics,lenovo,ferrari,ffc0cb,yas_marina,univision,west
rk64364,rydia,klenk,f,july 23 1997,hockey,microsoft,red_bull,cc0000,monza,fs2,west
zw69877,zeniah,wall,f,october 3 1989,volleyball,panasonic,haas,ff0000,silverstone,mtv,west
hb67912,hobson,banderas,m,march 26 1994,trampoline,microsoft,haas,ff1493,jeddah,nickelodeon,east
sb81155,sibi,badalamenti,f,september 28 1988,tennis,lenovo,mclaren,fff68f,suzuka,motortrend,east
hs36486,hosea,segrest,m,july 11 1992,trampoline,microsoft,mclaren,ccff00,singapore,national_geographic,north
lc18492,lanee,canady,f,january 18 1985,handball,microsoft,williams,f5f5f5,sakhir,nick_jr,south
yb75784,yaquelin,bergin,f,march 10 1995,bmx,microsoft,mercedes,088da5,monza,cmt,north
sb52965,shruti,blaker,f,september 27 1989,weightlifting,samsung,mclaren,696969,monza,syfy,north
ah23568,amariana,helberg,f,february 5 1986,football,acer,williams,ff7f50,silverstone,cartoon_network,west
ak46134,aadith,kinnunen,m,february 29 1985,equestrian,ibm,rb,8a2be2,monaco,food_network,west
sh39214,safiyah,hysell,f,april 24 1987,tennis,lenovo,williams,008000,imola,nbcsn,south
ze98311,ziana,eaddy,f,april 4 1985,diving,hp,rb,ff6666,shanghai,bounce,west
pe34553,pierson,esposito,m,february 8 1996,triathlon,acer,red_bull,8b0000,singapore,natgeo_wild,south
ds95758,diago,sellner,m,october 15 1990,water_polo,samsung,aston_martin,ff0000,baku,amc,north
jd97234,jaritza,decoteau,f,august 21 1999,handball,samsung,red_bull,00ced1,shanghai,nbclx,east
yg22762,yuriah,gajda,m,december 21 1991,rowing,msi,red_bull,0000ff,sao_paulo,abc,south
gs24228,granger,shoup,m,january 7 1993,sailing,dell,aston_martin,3399ff,silverstone,national_geographic,south
am83742,amris,marinos,f,may 30 1991,cycling,ibm,mercedes,f5f5dc,singapore,cmt,west
jr99562,jordani,rubio,m,november 4 1996,archery,samsung,ferrari,794044,suzuka,abc,west
ab76499,amare,berkowitz,m,march 24 1993,athletics,samsung,ferrari,065535,monaco,msnbc,east
ad56347,alysia,daves,f,april 11 1998,hockey,gateway,rb,800080,barcelona,btn,south
ah27552,adhira,hughett,f,may 12 1996,volleyball,toshiba,mclaren,dddddd,melbourne,bet,west
kb91796,kace,beneke,m,february 3 1988,water_polo,lg,aston_martin,666666,austin,hgtv,east
wm74357,walter,magadan,m,february 28 1986,cycling,razer,red_bull,794044,melbourne,amc,west
vo18473,victorious,oberry,m,september 22 1991,equestrian,fujitsu,kick_sauber,40e0d0,silverstone,tlc,south
ts72295,tennyson,seemann,m,january 27 1989,basketball,ibm,red_bull,ffb6c1,lusail,tlc,east
af25797,alarick,frasco,m,may 21 1987,triathlon,lg,kick_sauber,f0f8ff,silverstone,abc,east
dc33795,darrion,clendenen,m,november 19 1997,taekwondo,razer,alpine,f6546a,yas_marina,btn,south
mc84123,marvel,casco,f,november 30 1997,sailing,compaq,red_bull,a0db8e,yas_marina,own,south
mb79248,malcom,blea,m,june 10 1999,table_tennis,samsung,ferrari,800080,imola,usa,north
ep11189,eziah,polite,m,january 25 1993,hockey,apple,alpine,0e2f44,zandvoort,cw,east
sb89994,siennah,bye,f,november 27 1996,sailing,msi,mclaren,00ff7f,silverstone,fox,south
nw94796,neylan,westcott,m,march 16 1999,badminton,ibm,kick_sauber,fff68f,melbourne,accn,north
yp69551,yuma,pryer,m,september 26 1995,diving,toshiba,alpine,e6e6fa,monza,weather_channel,west
tq26787,thora,quail,f,may 1 1989,judo,toshiba,kick_sauber,ff00ff,monaco,paramount,north
ik69927,ivey,kamper,f,december 4 1986,boxing,razer,mclaren,d3ffce,austin,fx,east
ev91637,enith,vanderwall,f,march 23 1991,swimming,ibm,haas,420420,imola,telemundo,west
bh47124,brahim,havey,m,october 12 1994,archery,hp,alpine,dddddd,baku,ifc,east
jg15448,jaylana,guadiana,f,june 20 1995,football,panasonic,williams,333333,silverstone,freeform,south
ms84648,mayani,seeger,f,september 28 1989,basketball,hp,ferrari,008080,spa,own,east
kw16999,khole,wolfe,m,july 2 1994,water_polo,razer,aston_martin,f08080,sao_paulo,fs2,north
sp87991,suraiya,pickett,f,august 3 1996,sailing,intel,mclaren,065535,imola,cnn,west
eg19968,estefan,germaine,m,june 3 1995,badminton,panasonic,ferrari,ffa500,silverstone,nick_jr,north
tp12494,tiona,portal,f,september 18 1996,tennis,msi,kick_sauber,ffdab9,zandvoort,food_network,east
nr33674,nooh,renshaw,m,april 8 1989,athletics,dell,haas,ff00ff,baku,trutv,east
kt76995,krishay,tippin,m,february 10 1988,trampoline,compaq,mclaren,cc0000,melbourne,btn,south
lp39733,luzia,pepitone,f,september 23 1996,badminton,apple,rb,008080,shanghai,lafc,north
bs11374,berkley,slick,f,march 1 1986,beach_volleyball,fujitsu,kick_sauber,dddddd,sakhir,cheddar,east
gh13277,girl,harsha,f,march 20 1998,swimming,sony,aston_martin,8b0000,yas_marina,dove,south
er27858,elyani,reeve,f,october 7 1987,taekwondo,acer,red_bull,003366,spielberg,disney,south
kp39438,kyani,puskas,f,november 22 1994,hockey,dell,mercedes,420420,sao_paulo,hsn,west
kk94295,keats,kamps,m,february 24 1987,trampoline,microsoft,ferrari,333333,imola,nbc,west
jc24216,jermani,cheek,m,january 22 1988,judo,dell,aston_martin,00ff00,barcelona,bet,east
jp47834,josean,pursley,m,march 8 1985,diving,samsung,alpine,133337,lusail,nbclx,east
eg89496,emir,grizzard,m,june 23 1988,triathlon,acer,alpine,cc0000,jeddah,dove,east
cp98825,callyn,pett,f,november 12 1993,football,acer,red_bull,66cdaa,mexico_city,tnt,south
as84519,amen,stonesifer,m,august 23 1994,golf,fujitsu,alpine,ffdab9,las_vegas,fx,south
kl12775,kathleen,landis,f,july 12 1998,rugby,hp,haas,fa8072,miami,necn,west
mr63524,mcclane,ruffolo,m,november 14 1987,equestrian,acer,kick_sauber,800080,suzuka,lafc,south
dp73741,damontae,pay,m,february 4 1996,cycling,fujitsu,williams,468499,lusail,mtv,west
dt18284,devyn,tortora,f,november 2 1986,athletics,compaq,rb,f0f8ff,barcelona,tbs,north
ck13342,corban,kooiman,m,december 23 1994,bmx,dell,kick_sauber,ff80ed,yas_marina,animal_planet,south
ab85789,alanah,budge,f,october 1 1994,cycling,ibm,mercedes,afeeee,sakhir,nbcsn,east
jm22421,juelz,mankowski,f,june 19 1990,shooting,acer,haas,cbbeb5,spielberg,comedy_central,north
as92458,aashir,swank,m,november 28 1992,tennis,hp,alpine,cbbeb5,montreal,cnn,east
re88228,rahim,epler,m,june 21 1986,triathlon,sony,haas,c6e2ff,imola,usa,south
rl68528,rateel,lovering,f,september 2 1997,table_tennis,apple,red_bull,ffffff,mexico_city,fs1,east
bm36611,berkli,monceaux,f,december 20 1996,boxing,microsoft,red_bull,cccccc,silverstone,espn,east
nr36998,naleia,rearden,f,august 22 1985,football,ibm,mclaren,ff00ff,melbourne,lafc,north
da62747,dayla,aikens,f,july 18 1994,fencing,acer,mercedes,065535,shanghai,hsn,east
sn28525,sascha,nordgren,m,july 7 1988,fencing,compaq,haas,990000,sao_paulo,cartoon_network,north
cm54848,cathryn,moczygemba,f,september 26 1987,swimming,razer,kick_sauber,008000,mexico_city,tcm,east
ew75373,eri,winston,f,may 9 1992,trampoline,lenovo,mercedes,468499,mexico_city,fs2,east
rd44391,rosaly,dayal,f,august 2 1990,wrestling,gateway,haas,cbbeb5,las_vegas,fs1,west
ac44779,allison,cheshier,m,november 20 1993,wrestling,sony,alpine,ffc3a0,singapore,espn,east
ak42895,avet,kaba,m,january 8 1993,basketball,lg,aston_martin,ffff00,barcelona,bravo,west
tl23668,tamara,lupien,f,november 4 1987,golf,lg,mclaren,ffa500,imola,food_network,south
oi86522,odie,insley,m,december 5 1989,shooting,sony,mclaren,800000,sao_paulo,nba_tv,east
kd23137,kinzleigh,deluca,f,march 5 1988,pentathlon,sony,mercedes,8a2be2,jeddah,cbs,west
hl69538,heaven,lavelle,m,march 19 1989,basketball,intel,aston_martin,990000,mexico_city,hallmark,south
il78114,ikram,lenz,f,december 6 1985,athletics,dell,alpine,468499,monza,nbc,west
ir63733,idaly,roderick,f,march 1 1990,volleyball,lenovo,aston_martin,fff68f,imola,hgtv,east
jj42885,jolie,jaber,f,september 22 1991,athletics,intel,mercedes,101010,spielberg,hgtv,west
js66986,jaziel,sarker,f,june 6 1987,archery,msi,haas,ffc3a0,zandvoort,hgtv,east
ah66418,amell,hilderbrand,m,may 16 1993,fencing,intel,mercedes,ffffff,singapore,univision,south
ks28819,knovah,strohm,f,april 18 1999,hockey,sony,williams,c0d6e4,singapore,food_network,north
eo41589,evaline,oppong,f,june 13 1990,football,panasonic,haas,065535,sakhir,tyt,east
ed29788,ewan,dutson,m,january 10 1994,table_tennis,msi,rb,808080,baku,oxygen,north
ph81347,poppie,heyn,f,november 20 1999,cycling,ibm,rb,ff00ff,silverstone,tyt,south
ae74436,anayah,epperson,f,april 12 1989,shooting,intel,ferrari,ff7f50,barcelona,fox,south
kr92968,keynan,rouse,m,october 5 1985,gymnastics,razer,red_bull,b4eeb4,silverstone,golf_channel,east
ns54542,nasia,spruiell,f,november 21 1987,athletics,sony,red_bull,ffe4e1,sao_paulo,natgeo_wild,north
cm34664,caleena,mulvey,f,january 9 1998,table_tennis,intel,alpine,8b0000,mexico_city,tbs,east
op48288,olori,proctor,f,june 9 1987,sailing,msi,williams,420420,las_vegas,hln,south
hl32664,hayston,luong,m,june 27 1996,equestrian,lg,aston_martin,66cccc,imola,nicktoons,north
dr45961,drayson,rufino,m,october 22 1999,taekwondo,acer,red_bull,a0db8e,sakhir,qvc,east
bi74829,branston,illig,m,july 12 1996,athletics,compaq,ferrari,800080,spa,golf_channel,east
np59835,nahiara,pero,f,january 22 1999,swimming,apple,kick_sauber,c6e2ff,austin,accn,west
ac47455,aara,christenson,f,february 10 1985,trampoline,sony,kick_sauber,ffa500,monaco,usa,west
mc75321,maryori,czajkowski,f,july 6 1992,boxing,msi,rb,800080,sakhir,cnbc,west
lb35428,lorielle,boes,f,march 16 1993,bmx,dell,red_bull,ffdab9,austin,tcm,west
rl55668,rylan,luk,f,march 30 1996,wrestling,acer,kick_sauber,088da5,spa,animal_planet,east
zh83526,zakkai,hillier,m,june 4 1985,tennis,apple,ferrari,ffc3a0,melbourne,hallmark,west
ll47314,lealani,loschiavo,f,november 30 1986,volleyball,dell,kick_sauber,eeeeee,jeddah,necn,south
np53982,namiya,prosper,f,december 16 1991,handball,hp,alpine,e6e6fa,imola,nickelodeon,west
sg57633,sena,gotschall,f,july 1 1991,fencing,sony,ferrari,ff00ff,suzuka,weather_channel,east
ak71847,avion,kelch,m,may 10 1993,badminton,lg,red_bull,6897bb,baku,qvc,north
rb89134,ruhama,baney,f,july 18 1992,gymnastics,razer,aston_martin,00ced1,shanghai,golf_channel,north
hw58736,hope,woznicki,f,january 23 1993,golf,panasonic,haas,00ffff,lusail,cartoon_network,west
mh14687,maeci,huss,f,april 17 1994,cycling,toshiba,williams,ffff00,baku,espn,south
rg95695,ramsay,gunnels,m,april 12 1995,archery,dell,ferrari,00ffff,mexico_city,tcm,south
zs49925,zerek,seiffert,m,june 16 1994,wrestling,toshiba,haas,cbbeb5,jeddah,tv_land,south
hf59965,hela,fletes,f,october 7 1997,badminton,gateway,kick_sauber,ffff66,montreal,national_geographic,east
es76296,endi,swaney,f,april 28 1992,swimming,lg,williams,794044,imola,comedy_central,west
oc92384,ozzie,castile,m,november 30 1986,tennis,msi,ferrari,000080,sao_paulo,fs2,north
br76483,blakeleigh,raine,f,february 9 1994,cycling,hp,red_bull,800080,mexico_city,fox,south
hc37213,haylie,ceniceros,f,may 16 1987,football,compaq,mercedes,f08080,mexico_city,ion,west
br47464,britney,routt,f,april 4 1993,gymnastics,hp,mercedes,999999,miami,tnt,east
ob29245,onyxx,basu,m,january 14 1991,athletics,microsoft,mercedes,ffe4e1,barcelona,usa,west
lk67727,lenyx,kretschmer,f,january 25 1986,cycling,lenovo,rb,b0e0e6,silverstone,msnbc,west
jc17198,jeramiah,colley,m,february 9 1994,swimming,samsung,mercedes,bada55,budapest,abc,north
js21929,jameil,seery,m,april 1 1999,table_tennis,dell,rb,660066,spielberg,adult_swim,south
mr43375,marabella,ranalli,f,july 27 1994,wrestling,intel,rb,00ff7f,monza,ifc,south
im97325,irelynd,magar,f,april 5 1987,wrestling,gateway,williams,ffe4e1,shanghai,hallmark,south
rb49938,rody,burg,m,march 21 1988,beach_volleyball,toshiba,red_bull,fa8072,mexico_city,trutv,north
ah43394,aubriee,hopwood,f,october 21 1995,trampoline,msi,ferrari,81d8d0,miami,qvc,west
rs78113,remedi,saraceno,f,november 21 1990,sailing,razer,alpine,cbbeb5,miami,nbc,south
cm72919,caterina,mazzotta,f,march 14 1999,beach_volleyball,samsung,rb,00ced1,silverstone,ion,west
lw89815,leonardo,waid,m,november 19 1991,water_polo,sony,rb,eeeeee,singapore,lafc,west
bb61939,brealynn,boal,f,may 14 1985,table_tennis,msi,williams,ffb6c1,budapest,nick_jr,east
sb41953,sing,bate,m,june 6 1998,water_polo,microsoft,kick_sauber,faebd7,imola,msnbc,north
mp83914,medardo,pena,m,july 8 1995,beach_volleyball,msi,kick_sauber,ff0000,lusail,paramount,east
ig23345,iyanni,giroux,f,september 14 1988,shooting,compaq,ferrari,008000,spa,disney,east
lw34821,lahlani,whitehouse,f,february 21 1994,equestrian,acer,ferrari,ffb6c1,yas_marina,hallmark,north
el87548,erian,lenox,f,march 28 1996,shooting,compaq,rb,f6546a,suzuka,cmt,west
gs29177,geovani,selmon,m,april 1 1997,weightlifting,microsoft,haas,f6546a,monza,nba_tv,east
ms63386,monnie,schaap,f,march 25 1994,bmx,samsung,ferrari,000000,shanghai,cbs,south
am18812,anelisse,madriz,f,march 8 1997,taekwondo,intel,alpine,666666,zandvoort,mtv,west
kl15669,kollins,lathem,f,august 16 1991,table_tennis,samsung,kick_sauber,420420,spielberg,galavision,east
eh81493,elli,herget,f,october 29 1999,rowing,razer,mercedes,b0e0e6,monaco,nbc,south
kf36296,kaleiyah,finkel,f,november 13 1991,beach_volleyball,toshiba,red_bull,133337,silverstone,nba_tv,east
ms53126,malaak,steil,f,august 26 1995,wrestling,panasonic,kick_sauber,00ced1,austin,fx,east
dh48647,deyani,helmke,f,june 8 1996,rugby,acer,ferrari,794044,zandvoort,univision,south
kd78722,kenniel,dymond,m,january 13 1986,taekwondo,toshiba,kick_sauber,808080,miami,dove,west
nd79121,neidy,deangelo,f,january 22 1989,football,intel,red_bull,ff4040,suzuka,cartoon_network,north
kr36598,khlani,rohrbach,f,july 7 1988,athletics,apple,mercedes,ff80ed,las_vegas,adult_swim,east
bh22313,boyan,hove,m,june 14 1994,canoe,ibm,williams,101010,yas_marina,accn,west
er76336,eliot,rathbone,f,february 6 1991,equestrian,sony,aston_martin,ffff66,spielberg,univision,south
nn85272,naret,necessary,f,august 4 1991,wrestling,lg,mercedes,0a75ad,suzuka,nbc,west
lm89967,lucciano,meany,m,october 26 1994,swimming,microsoft,rb,420420,monza,natgeo_wild,east
dm96245,devanshi,mak,f,june 25 1992,rugby,intel,ferrari,ffc0cb,silverstone,own,north
kw68495,kaysten,wilcoxen,m,march 24 1987,wrestling,apple,haas,000000,singapore,discovery,south
aq52845,alrik,qazi,m,october 5 1988,bmx,sony,red_bull,0000ff,imola,freeform,north
rr55289,ramel,remillard,m,august 10 1996,athletics,sony,red_bull,133337,mexico_city,cmt,north
am92662,ahmaad,meland,m,february 18 1987,swimming,microsoft,ferrari,333333,mexico_city,abc,south
zf36122,zyion,fetzer,m,march 18 1997,badminton,intel,haas,bada55,las_vegas,nbclx,west
lm15141,lake,mostafa,m,july 7 1996,badminton,lenovo,aston_martin,c0d6e4,sao_paulo,cartoon_network,north
jh98515,jonnathan,herbold,m,august 14 1988,tennis,hp,rb,ffb6c1,melbourne,freeform,south
ks21915,kanen,scobee,m,march 22 1999,golf,lenovo,alpine,696969,shanghai,national_geographic,west
rm87772,renaya,maudlin,f,may 2 1988,hockey,intel,aston_martin,d3ffce,imola,amc,north
ze29262,zorah,erazo,f,january 2 1993,equestrian,lenovo,rb,ff7373,lusail,galavision,east
cb83744,caffrey,bowdoin,m,january 9 1996,rowing,razer,ferrari,ffffff,melbourne,lafc,east
am95677,allyanna,mari,f,february 29 1994,shooting,microsoft,mercedes,b0e0e6,budapest,fs2,east
ba82442,bonnie,auzenne,f,april 27 1987,fencing,razer,haas,468499,las_vegas,cmt,south
je88233,johan,eggert,m,january 30 1990,diving,acer,ferrari,0000ff,budapest,usa,east
dt31482,dominico,treichel,m,january 20 1992,triathlon,toshiba,mclaren,ffb6c1,monaco,hgtv,east
mf57773,mariama,frieson,f,april 4 1989,boxing,msi,red_bull,ccff00,imola,paramount,south
ss47392,shrihan,szymczak,m,april 6 1992,badminton,intel,williams,0000ff,suzuka,univision,east
am32166,allyssa,monday,f,march 18 1995,tennis,dell,mercedes,990000,monza,bravo,north
em39866,erika,mera,f,may 9 1987,sailing,gateway,williams,ffffff,budapest,lafc,west
ks85485,kacelynn,shamburger,f,december 23 1986,beach_volleyball,lenovo,kick_sauber,101010,sakhir,bounce,east
ut14992,usiel,truslow,m,january 10 1997,canoe,compaq,aston_martin,fa8072,las_vegas,bet,east
ec92576,eirik,crown,m,may 8 1990,bmx,msi,mclaren,40e0d0,zandvoort,accn,west
mb26969,memphys,beydoun,m,december 18 1998,handball,razer,ferrari,a0db8e,spielberg,animal_planet,east
mp44847,manuel,pinkerton,m,october 3 1989,taekwondo,lenovo,haas,666666,imola,comedy_central,east
tz88983,talula,zuo,f,may 11 1996,fencing,lenovo,ferrari,ff7f50,budapest,nbc,south
jb83759,jarel,benavidez,m,november 27 1985,rowing,compaq,haas,666666,sakhir,motortrend,west
ei89294,esmi,iskander,f,august 14 1989,fencing,compaq,alpine,468499,yas_marina,discovery,east
sr75228,saatvik,ro,m,september 30 1999,rowing,intel,mclaren,c0d6e4,mexico_city,bet,south
af69359,axeton,fitzgibbon,m,april 21 1987,weightlifting,microsoft,ferrari,000080,miami,cbs,west
rb71863,ruhee,belfiore,f,october 23 1986,tennis,apple,alpine,ffffff,barcelona,trutv,west
dh14426,daxxton,hinesley,m,april 25 1997,bmx,apple,haas,0000ff,montreal,cbs,south
bc59869,barak,carner,m,may 8 1989,golf,intel,mclaren,fff68f,zandvoort,tv_land,south
yl85163,yago,lusby,m,april 11 1988,boxing,microsoft,red_bull,ffff00,baku,hsn,west
mk65863,mattia,kincer,m,november 19 1990,rugby,ibm,rb,f5f5dc,mexico_city,cnn,west
wr27589,wells,ramirezhernand,f,november 5 1991,shooting,msi,mercedes,66cdaa,monaco,bounce,west
mp59164,montavious,peugh,m,january 18 1994,shooting,dell,aston_martin,ff0000,zandvoort,freeform,west
ls54477,luka,stampley,f,november 8 1995,wrestling,dell,alpine,66cdaa,shanghai,golf_channel,south
ai47493,aelani,iwasaki,f,october 5 1990,basketball,hp,rb,66cdaa,barcelona,fs1,south
bm39332,byrdie,majka,f,january 29 1995,sailing,toshiba,haas,81d8d0,miami,nickelodeon,west
sl66166,samera,lowes,f,april 6 1988,cycling,apple,haas,00ffff,melbourne,natgeo_wild,north
om87586,oshyn,mulvaney,m,january 4 1988,sailing,apple,aston_martin,afeeee,shanghai,bravo,north
df66438,damara,fitchett,f,november 3 1993,water_polo,panasonic,rb,00ff7f,spa,msnbc,south
cp74253,cashus,paget,m,december 4 1995,rowing,toshiba,red_bull,000000,las_vegas,msnbc,east
sk96973,seyven,kamin,f,december 19 1992,hockey,ibm,mercedes,ffffff,sao_paulo,cartoon_network,south
am66518,abem,mccubbin,m,december 14 1992,equestrian,msi,kick_sauber,0e2f44,monza,espn,west
rc23775,riot,calcagno,m,june 22 1992,badminton,dell,rb,ff80ed,sakhir,tcm,north
eb82335,everest,bashore,f,june 7 1990,athletics,lenovo,mercedes,800080,baku,discovery,north
as83115,aleni,stavros,f,january 17 1998,cycling,lenovo,mercedes,f08080,melbourne,amc,east
ke87274,kaidyn,easterling,m,may 17 1999,boxing,samsung,rb,ff0000,zandvoort,own,west
eo58165,eleonor,orenstein,f,september 10 1986,boxing,ibm,mclaren,065535,yas_marina,syfy,west
cm74457,camillia,marlowe,f,august 24 1992,triathlon,apple,red_bull,ffffff,sakhir,fox,north
rp41949,renea,pelland,f,february 19 1994,golf,ibm,mercedes,cccccc,monza,weather_channel,east
dg78912,dally,glad,f,june 25 1993,hockey,microsoft,ferrari,81d8d0,singapore,cnn,south
gd24598,giannina,dumais,f,october 2 1987,water_polo,gateway,haas,a0db8e,monaco,amc,north
df32872,dreyson,fitchett,m,january 3 1988,handball,sony,mclaren,f08080,monaco,nickelodeon,west
mp33375,miari,petit,f,may 18 1990,equestrian,lg,haas,808080,silverstone,docurama,south
tb56943,terri,belvin,f,december 18 1999,judo,fujitsu,haas,ff80ed,melbourne,tlc,west
bs97972,braylee,straight,f,june 30 1993,shooting,hp,red_bull,003366,miami,tbs,south
mr37515,maliq,rolison,m,september 28 1986,badminton,microsoft,red_bull,2acaea,miami,nbcsn,north
db49746,dezmond,buerkle,m,december 10 1994,football,acer,ferrari,800080,shanghai,fx,east
vg43514,velen,gauvin,f,march 5 1998,rowing,hp,ferrari,00ced1,las_vegas,trutv,north
sm89761,saeed,maclaughlin,m,january 10 1986,basketball,msi,rb,c6e2ff,monza,fox,south
dc68636,dulce,carlberg,f,july 28 1996,rowing,lenovo,ferrari,ffe4e1,sakhir,food_network,south
ma98584,milica,adinolfi,f,october 7 1996,rowing,msi,haas,20b2aa,austin,cnbc,south
mm68537,msgana,moynihan,f,february 23 1999,badminton,lg,alpine,cc0000,melbourne,dove,south
ki23694,keiran,inskeep,m,october 11 1991,golf,msi,alpine,ff7f50,sakhir,dove,east
cs92524,chance,sutcliffe,f,june 12 1999,wrestling,lenovo,red_bull,afeeee,shanghai,syfy,west
vl29369,valentine,lymon,m,february 1 1997,badminton,fujitsu,mercedes,008080,miami,nba_tv,south
lm35773,lenora,marcellino,f,february 11 1992,canoe,lg,williams,101010,suzuka,cnn,east
km96129,kobe,mackie,f,april 13 1992,wrestling,panasonic,aston_martin,ff0000,spielberg,ion,west
lg17449,litza,giannini,f,october 18 1998,bmx,sony,williams,065535,sao_paulo,motortrend,north
km53593,kyshawn,mcivor,m,december 26 1999,basketball,lenovo,rb,ffc3a0,spa,tnt,north
jr44962,jarius,radomski,m,july 7 1986,wrestling,sony,haas,cccccc,singapore,msnbc,west
sm35955,siraj,mauger,m,march 4 1996,archery,razer,haas,eeeeee,zandvoort,btn,north
ay16665,atem,yonce,m,july 30 1989,swimming,msi,williams,ffff66,las_vegas,ion,north
le63818,leelah,eccleston,f,october 4 1995,diving,fujitsu,mercedes,00ff00,sakhir,motortrend,south
vc73975,violetta,cobo,f,march 28 1985,golf,samsung,mclaren,bada55,montreal,oxygen,north
mm16387,maki,mebane,m,december 12 1990,triathlon,lg,aston_martin,ffdab9,sao_paulo,msnbc,south
fs51472,frederica,staubin,f,february 24 1994,table_tennis,fujitsu,rb,f6546a,sakhir,adult_swim,north
cz59514,cru,zweig,m,march 30 1991,basketball,samsung,red_bull,ffb6c1,melbourne,tbs,west
kr97512,khaire,riaz,m,february 15 1986,sailing,panasonic,rb,ff6666,miami,hsn,east
kk44818,klaire,kivett,f,may 23 1998,football,fujitsu,alpine,cccccc,montreal,cmt,north
nr57779,natti,ratcliffe,f,february 9 1997,rowing,toshiba,mclaren,800080,suzuka,vh1,south
sl21852,simara,lepkowski,f,february 25 1989,table_tennis,dell,aston_martin,000080,suzuka,fs2,west
ik59912,ilaiah,kennerly,f,july 27 1988,sailing,panasonic,rb,ffffff,jeddah,usa,south
nh46633,nazli,heier,f,may 22 1991,pentathlon,dell,aston_martin,800080,imola,hgtv,east
jl48365,jordyn,lenard,m,may 15 1989,basketball,dell,aston_martin,00ffff,austin,cw,east
mg59281,mirai,gatson,f,september 10 1986,gymnastics,fujitsu,mclaren,088da5,imola,bravo,west
ag96543,andersen,gaskins,m,june 30 1995,taekwondo,ibm,mercedes,eeeeee,sakhir,galavision,west
eb15545,erilynn,blatt,f,august 12 1999,football,sony,mercedes,b4eeb4,sakhir,trutv,west
kl26851,kimberli,lamson,f,february 7 1989,diving,compaq,mclaren,00ff00,imola,cheddar,west
th62941,tyler,hunsicker,f,may 10 1988,handball,fujitsu,kick_sauber,468499,monaco,pbs,south
kg62323,kristopher,gaddie,m,january 8 1992,bmx,compaq,aston_martin,ffffff,suzuka,cnn,west
ek18565,ettalie,kuras,f,april 21 1989,taekwondo,razer,mclaren,ff7373,spa,fs1,west
md34165,maksim,devoe,m,october 14 1997,trampoline,compaq,alpine,ffe4e1,lusail,comedy_central,west
ng14381,nikayla,gennaro,f,december 10 1987,judo,sony,mercedes,800080,singapore,comedy_central,west
ra37889,rebekah,arnett,f,january 8 1987,equestrian,samsung,mclaren,f0f8ff,barcelona,ion,north
jh23857,jream,hopwood,m,august 7 1989,volleyball,dell,ferrari,ff4040,suzuka,lafc,east
jm75271,jaretzy,malson,f,may 5 1994,shooting,compaq,aston_martin,000080,monaco,tcm,north
ab25652,aleyza,bates,f,april 11 1998,archery,ibm,ferrari,faebd7,jeddah,natgeo_wild,east
dg44249,delphina,guijosa,f,november 29 1992,rowing,intel,rb,101010,austin,qvc,west
tm99752,tien,mohrmann,m,march 28 1985,judo,panasonic,aston_martin,065535,sao_paulo,vh1,north
am71417,avary,macgillivray,m,may 25 1995,pentathlon,compaq,mclaren,333333,budapest,btn,west
mp38246,maahi,perera,f,june 16 1995,shooting,hp,kick_sauber,ff1493,shanghai,syfy,south
jm32152,japneet,milam,f,october 2 1994,volleyball,lenovo,aston_martin,333333,silverstone,bet,west
tn38999,tej,nardella,m,january 19 1988,canoe,fujitsu,kick_sauber,afeeee,sakhir,oxygen,west
ic14635,irah,cronan,f,february 14 1997,diving,ibm,mercedes,cbbeb5,sao_paulo,cbs,east
ab77383,ashan,bartleson,m,april 14 1999,cycling,toshiba,mercedes,7fffd4,baku,cmt,west
nh51728,naveed,horne,m,june 26 1995,shooting,fujitsu,kick_sauber,0e2f44,suzuka,tlc,west
np14581,nestor,poole,m,may 15 1988,diving,microsoft,mclaren,b0e0e6,montreal,btn,north
wp75979,wrenleigh,poarch,f,september 7 1991,table_tennis,razer,aston_martin,bada55,suzuka,qvc,west
mk91512,mirian,kho,f,november 28 1997,gymnastics,panasonic,red_bull,ccff00,miami,hgtv,south
ml13626,mauricio,laroe,m,january 23 1995,diving,hp,kick_sauber,000080,silverstone,tnt,south
em81356,eber,manes,m,april 12 1989,canoe,dell,alpine,66cccc,montreal,nba_tv,east
hd88591,hazen,disney,m,june 27 1993,fencing,apple,alpine,660066,sakhir,cnn,north
jv15765,johnna,valentin,f,may 5 1994,badminton,microsoft,haas,b0e0e6,suzuka,tbs,east
qf37792,quadir,felts,m,june 23 1995,basketball,apple,haas,ffdab9,baku,tyt,west
mg86821,marsai,gilpatrick,m,june 11 1996,rowing,toshiba,haas,00ff00,silverstone,espn,south
el75293,enam,landsman,m,september 25 1993,boxing,fujitsu,ferrari,ffd700,barcelona,golf_channel,south
mz42114,meah,zollo,f,november 8 1992,weightlifting,lenovo,mclaren,a0db8e,spielberg,paramount,east
sm69986,sadie,mukherjee,m,june 11 1994,volleyball,apple,mercedes,ff7f50,montreal,bravo,north
es67582,endia,scull,f,january 12 1988,boxing,razer,mclaren,008080,monza,golf_channel,west
jj69147,jamira,jindra,f,september 13 1998,handball,microsoft,red_bull,6897bb,jeddah,freeform,south
kd74166,kyrah,deshazo,f,august 19 1998,taekwondo,sony,williams,ffb6c1,austin,necn,east
os88467,ona,stanifer,f,may 1 1987,volleyball,msi,red_bull,420420,singapore,univision,west
eh89824,emalyn,hagle,f,january 21 1995,badminton,toshiba,kick_sauber,afeeee,shanghai,msnbc,south
gc51595,geneva,cockburn,f,august 28 1985,diving,apple,alpine,8a2be2,sakhir,cnn,north
jc57947,jakyla,canterbury,f,october 18 1995,shooting,msi,red_bull,ffffff,zandvoort,disney,north
ad84447,ariadna,deveney,f,august 10 1989,table_tennis,ibm,aston_martin,f0f8ff,las_vegas,hsn,south
zd41324,zaxton,decarvalho,m,may 27 1989,rowing,sony,alpine,fff68f,barcelona,dove,north
hm39242,hadeel,mette,f,september 12 1989,trampoline,apple,kick_sauber,f0f8ff,melbourne,bet,west
ib77584,isley,bosquez,m,october 12 1993,football,intel,aston_martin,0a75ad,silverstone,univision,west
ml84645,mavis,lajara,f,january 11 1991,table_tennis,lg,kick_sauber,666666,mexico_city,tbs,north
iq43265,iona,quero,f,april 11 1986,diving,intel,mercedes,ffc0cb,spielberg,lafc,north
ss15658,stafford,siddiqui,m,october 4 1999,canoe,hp,ferrari,696969,sakhir,cw,south
dm63431,dmya,mckillop,f,june 2 1987,tennis,fujitsu,mercedes,d3ffce,spa,nbcsn,east
vk82596,vallen,knee,m,february 15 1997,hockey,compaq,mercedes,333333,melbourne,fox,north
sc18969,shriya,carollo,f,august 19 1992,swimming,msi,rb,daa520,imola,tbs,south
mr58324,memorie,ruckman,f,october 4 1996,volleyball,fujitsu,mclaren,8a2be2,silverstone,nba_tv,west
be98979,bennet,emmer,m,february 18 1999,swimming,razer,mclaren,fa8072,imola,amc,south
bs97793,beren,spera,f,november 1 1990,equestrian,compaq,red_bull,800000,mexico_city,fox,east
jm77521,jayceion,mulvaney,m,november 18 1990,diving,acer,rb,6897bb,sao_paulo,pbs,west
hl58945,hibah,lauro,f,september 29 1993,fencing,intel,red_bull,a0db8e,miami,cnn,south
gh49684,giselise,hagood,f,january 28 1986,diving,gateway,mclaren,faebd7,singapore,abc,east
sk59325,sadrac,kalin,m,june 8 1997,rowing,lenovo,ferrari,800080,austin,usa,south
rr44755,roberta,rohrig,f,september 25 1989,basketball,panasonic,aston_martin,0000ff,yas_marina,nbclx,south
br77664,bristol,ruda,f,january 26 1990,basketball,dell,mclaren,101010,baku,animal_planet,east
rd36517,rishi,digregorio,m,january 25 1996,football,razer,haas,0000ff,singapore,nbc,west
jl31639,joanna,lineback,f,may 16 1995,archery,msi,aston_martin,fa8072,barcelona,ifc,west
mo84462,mubarak,organ,m,december 29 1993,judo,acer,haas,420420,las_vegas,fs1,south
ce44836,constanza,estell,f,august 6 1990,golf,panasonic,ferrari,ffdab9,silverstone,bounce,west
jt75834,jona,tilly,f,may 22 1987,badminton,gateway,aston_martin,f6546a,baku,hallmark,north
nr99674,navani,reuter,f,april 22 1995,judo,compaq,mercedes,faebd7,austin,telemundo,south
ac79619,anberlin,crowe,f,july 5 1987,golf,dell,aston_martin,dddddd,spielberg,nbclx,west
nf57926,nakota,feehan,m,february 28 1986,handball,sony,ferrari,468499,singapore,nicktoons,north
ds48745,davanee,snader,f,july 12 1995,cycling,dell,mercedes,008000,spielberg,telemundo,west
ae69417,abilene,eriksson,f,july 12 1995,canoe,lenovo,williams,c39797,sao_paulo,tyt,south
os68694,ollie,span,f,july 13 1985,judo,apple,ferrari,00ced1,zandvoort,fs2,south
sc85298,sachit,crisci,m,december 21 1994,gymnastics,sony,alpine,20b2aa,montreal,oxygen,south
th21257,tyr,hoggatt,m,june 14 1997,wrestling,intel,aston_martin,00ff7f,spa,tyt,east
sg67934,story,grunwald,f,october 12 1995,taekwondo,ibm,mclaren,800000,spa,msnbc,south
ct19662,cleo,talamantez,m,march 14 1991,judo,toshiba,aston_martin,ff7f50,shanghai,weather_channel,east
ac57426,aedan,coffer,m,may 23 1994,tennis,msi,red_bull,c0d6e4,silverstone,animal_planet,west
ak79361,alannah,krom,f,december 6 1998,fencing,hp,alpine,008000,baku,trutv,east
rp52943,reon,pick,m,march 5 1992,athletics,razer,alpine,00ffff,spielberg,cw,north
mc31229,michela,cowin,f,january 7 1995,boxing,apple,red_bull,ffe4e1,jeddah,amc,east
lk16364,lunaria,kafka,f,january 13 1989,football,intel,rb,ff4040,spa,nick_jr,north
mn39414,manhattan,nolder,f,july 5 1986,volleyball,hp,ferrari,ffffff,yas_marina,bbc,north
nh12129,nora,handler,f,august 12 1999,badminton,fujitsu,rb,e6e6fa,barcelona,cbs,west
rh78928,richard,heindl,m,april 8 1996,football,sony,alpine,ccff00,spa,fx,north
jb76179,joven,brennan,m,april 9 1999,bmx,ibm,haas,088da5,sao_paulo,bounce,south
sc95729,sawdah,carreiro,f,june 15 1994,cycling,apple,kick_sauber,133337,silverstone,paramount,north
rh57613,rochel,huntington,f,december 8 1994,water_polo,intel,rb,f0f8ff,monza,bbc,south
dv76562,demone,vertrees,m,march 12 1988,rugby,microsoft,williams,faebd7,yas_marina,own,east
ja32611,justin,alcala,m,november 30 1990,canoe,dell,haas,fff68f,las_vegas,national_geographic,south
lm76418,leilamae,mcginn,f,may 2 1996,athletics,panasonic,mercedes,ccff00,las_vegas,nicktoons,west
ib49712,ivanka,bandi,f,december 21 1989,athletics,intel,williams,ffd700,zandvoort,hallmark,north
mb29276,miabelle,bedard,f,march 15 1985,beach_volleyball,acer,mclaren,f5f5f5,monza,comedy_central,south
jb74846,jaren,babineau,m,january 12 1999,wrestling,razer,aston_martin,468499,imola,hallmark,west
er29779,eldric,records,m,december 19 1997,hockey,toshiba,rb,20b2aa,baku,syfy,west
gs69168,grayton,schoenfeld,m,february 25 1994,basketball,sony,mclaren,808080,suzuka,bounce,south
xd11153,xylo,delker,m,december 8 1985,water_polo,hp,haas,800000,budapest,motortrend,north
ab14563,avisha,bernardino,f,january 1 1994,taekwondo,compaq,ferrari,00ffff,barcelona,amc,east
lc34864,laikynn,carswell,f,february 17 1999,water_polo,fujitsu,williams,afeeee,spielberg,natgeo_wild,east
sz23878,safina,zepeda,f,october 26 1997,weightlifting,acer,rb,daa520,lusail,fs2,north
ac91784,arfa,cauthen,f,november 30 1988,bmx,panasonic,kick_sauber,c0d6e4,spa,tcm,south
sr25798,swayde,rutkowski,f,january 30 1987,boxing,apple,williams,ff7f50,zandvoort,comedy_central,south
jj33722,johnston,jalomo,m,january 3 1993,pentathlon,compaq,mercedes,b6fcd5,silverstone,nba_tv,north
zl96376,zailee,laffey,f,december 23 1998,pentathlon,toshiba,alpine,000000,imola,amc,east
ah42817,amryn,hohman,f,july 26 1999,shooting,fujitsu,alpine,f08080,shanghai,cnbc,north
kb32279,keron,barbosa,m,may 6 1999,archery,intel,rb,808080,lusail,cartoon_network,north
jb65675,jona,bosak,m,february 26 1996,triathlon,razer,mclaren,0000ff,silverstone,tv_land,north
dl47217,darwyn,logiudice,m,november 29 1989,diving,microsoft,mercedes,0a75ad,monza,dove,west
oh57182,owens,hossler,m,march 20 1991,water_polo,ibm,haas,ccff00,melbourne,freeform,north
ak83846,ava,keefe,f,january 10 1992,gymnastics,gateway,ferrari,cc0000,zandvoort,lafc,west
tm82683,tatev,massengill,f,march 17 1995,fencing,dell,red_bull,66cdaa,lusail,abc,north
da47769,draycen,ables,m,may 17 1994,fencing,intel,red_bull,b6fcd5,austin,animal_planet,west
fp38271,freidy,pinegar,f,february 21 1988,football,compaq,mclaren,666666,monza,dove,north
ad93633,akshay,digirolamo,m,may 12 1991,water_polo,hp,aston_martin,101010,monaco,fx,south
qc51515,quavion,cyr,m,july 19 1997,wrestling,lenovo,ferrari,ff1493,monaco,hsn,north
sc62391,siyam,courtois,m,june 16 1990,rowing,intel,kick_sauber,ffff00,melbourne,ion,west
av22784,arionna,vandegrift,f,april 19 1996,basketball,samsung,haas,800000,melbourne,disney,east
de21333,daelynn,earl,m,december 13 1999,judo,razer,kick_sauber,3399ff,mexico_city,espn,west
mk28855,mychael,kealoha,m,january 7 1992,wrestling,microsoft,aston_martin,f6546a,montreal,golf_channel,north
jn52876,jaylany,neider,f,february 23 1992,football,sony,alpine,ff6666,las_vegas,nickelodeon,east
ga62544,gracielynn,akhter,f,july 26 1988,weightlifting,lenovo,rb,ff7f50,zandvoort,mtv,south
fd59271,frederik,dvorak,m,october 14 1988,swimming,compaq,kick_sauber,bada55,spielberg,telemundo,south
ts71718,theojames,sohn,m,april 1 1998,bmx,msi,aston_martin,c39797,lusail,adult_swim,west
dh27378,delena,harkey,f,august 1 1988,cycling,intel,rb,faebd7,las_vegas,cnn,west
mt17499,maricella,teer,f,august 4 1985,rugby,lg,alpine,065535,spa,bet,south
vb76226,viola,baxley,f,march 1 1997,basketball,msi,red_bull,c0c0c0,shanghai,dove,west
zh82757,zilah,harte,f,may 16 1999,canoe,intel,haas,cbbeb5,suzuka,hallmark,west
cs43639,chanelle,silber,f,october 10 1999,beach_volleyball,gateway,haas,2acaea,spa,comedy_central,north
sd35179,siya,dewolf,f,october 2 1991,judo,msi,aston_martin,ffdab9,austin,natgeo_wild,south
tg27827,terrion,gough,m,may 24 1989,volleyball,hp,alpine,ff7373,barcelona,trutv,north
ss26225,spike,saine,m,june 18 1996,athletics,intel,williams,333333,sao_paulo,nickelodeon,north
md36829,maxine,delaurentis,f,november 27 1994,badminton,fujitsu,alpine,ff80ed,shanghai,hgtv,east
cs21577,chisum,scotti,m,october 8 1988,rowing,razer,kick_sauber,00ff00,las_vegas,motortrend,west
kl86685,kimiya,labarre,f,september 12 1985,bmx,microsoft,alpine,d3ffce,sao_paulo,national_geographic,north
rc95699,rias,clyde,f,december 14 1988,boxing,panasonic,williams,cccccc,monaco,mtv,south
db77716,dame,bray,m,november 20 1988,volleyball,dell,kick_sauber,fa8072,sao_paulo,cnbc,west
ch87892,criss,hudman,m,june 14 1987,water_polo,razer,haas,cbbeb5,melbourne,bounce,east
ra98956,rafferty,alejandre,m,march 4 1988,judo,lg,kick_sauber,000080,suzuka,bravo,south
ab22647,angelice,behringer,f,august 13 1989,athletics,hp,haas,800080,silverstone,nbc,east
mn23455,mery,nealey,f,august 1 1990,trampoline,msi,williams,800000,spielberg,hln,east
as34678,amar,shotts,f,march 25 1989,boxing,hp,kick_sauber,b6fcd5,silverstone,food_network,west
mb36271,meyra,bolander,f,january 13 1999,sailing,hp,kick_sauber,b6fcd5,montreal,cheddar,west
ks83396,kailanii,sandy,f,may 5 1999,tennis,ibm,aston_martin,003366,austin,nick_jr,east
ng32829,niyathi,grizzle,f,may 17 1990,equestrian,gateway,haas,008000,zandvoort,nicktoons,east
xk14687,xoe,ketcham,f,july 21 1991,canoe,sony,mclaren,0000ff,zandvoort,paramount,west
ek14851,emilie,keita,f,october 6 1985,cycling,dell,red_bull,f5f5dc,melbourne,accn,south
gf64143,graysin,farley,m,december 18 1988,table_tennis,microsoft,rb,088da5,sao_paulo,discovery,west
mc16997,malakhi,cogdell,m,november 26 1999,athletics,toshiba,rb,ffb6c1,miami,fx,south
wm49467,william,mcphillips,f,july 14 1998,trampoline,sony,aston_martin,088da5,miami,fs1,north
zc65942,zeek,caddy,m,november 27 1985,basketball,compaq,alpine,ffc0cb,sakhir,mtv,north
ad66978,alailah,dibble,f,february 19 1988,football,sony,ferrari,b0e0e6,barcelona,nicktoons,west
km95326,kataleia,moffa,f,september 22 1996,water_polo,msi,ferrari,ffc0cb,singapore,tnt,south
bb21813,berenice,boehm,f,december 19 1995,pentathlon,microsoft,mclaren,8b0000,silverstone,bravo,south
ks36713,kamilo,steffan,m,march 8 1997,equestrian,razer,aston_martin,003366,singapore,cheddar,north
dp23414,daimen,panther,m,july 2 1990,gymnastics,panasonic,alpine,800000,baku,telemundo,east
bh97628,beto,hennes,m,june 6 1993,football,intel,williams,c0c0c0,spielberg,disney,south
ly71419,laylynn,yuhasz,f,july 1 1996,beach_volleyball,fujitsu,rb,ff7373,silverstone,pbs,east
cg74579,clayton,griffen,f,august 28 1990,badminton,toshiba,aston_martin,7fffd4,monaco,dove,north
pm41255,penina,mayen,f,september 2 1994,trampoline,panasonic,rb,afeeee,jeddah,discovery,south
lp58668,laraine,pendell,f,july 30 1996,table_tennis,toshiba,mercedes,ff1493,melbourne,nbcsn,south
dr43162,davidson,rowland,m,november 26 1992,canoe,samsung,williams,6897bb,monza,nbcsn,west
zr43795,zyah,robel,f,april 6 1988,bmx,fujitsu,ferrari,c6e2ff,zandvoort,comedy_central,west
gc72812,giano,carlton,m,april 29 1994,rugby,samsung,haas,696969,silverstone,tyt,east
rt35397,rossy,trani,f,december 29 1992,shooting,hp,aston_martin,990000,melbourne,natgeo_wild,north
es39726,edilson,seabrook,m,april 22 1987,basketball,samsung,rb,666666,austin,bet,west
mc99243,mikaal,cervone,m,july 27 1997,rowing,lenovo,mercedes,3399ff,austin,weather_channel,north
cm51228,clary,moskal,f,january 23 1990,bmx,razer,ferrari,ffe4e1,singapore,food_network,south
ch45338,cedella,higgs,f,february 1 1992,water_polo,samsung,aston_martin,f6546a,sakhir,ion,north
js63116,johncarlos,stromain,m,september 29 1991,diving,acer,alpine,333333,monza,nbclx,east
am88559,areya,mceachern,f,april 15 1990,basketball,microsoft,ferrari,0a75ad,las_vegas,trutv,east
kl98992,keyren,lemmons,m,may 22 1995,judo,gateway,ferrari,333333,lusail,bbc,east
kd75882,kaceion,daniell,m,april 18 1999,bmx,razer,ferrari,065535,melbourne,nickelodeon,east
vo25696,vianney,oppelt,f,march 7 1988,gymnastics,intel,kick_sauber,afeeee,yas_marina,bbc,south
im31252,ion,mwangi,m,january 20 1987,weightlifting,lenovo,williams,000080,las_vegas,bounce,east
am29716,adalea,mcnew,f,april 3 1998,gymnastics,lg,haas,990000,las_vegas,qvc,west
mb71656,maxten,boettcher,m,october 10 1992,bmx,apple,alpine,ff7373,austin,cmt,north
sk61615,saxon,klug,m,september 2 1987,archery,hp,red_bull,800000,silverstone,food_network,south
vt23976,venita,terry,f,september 13 1989,tennis,lg,mclaren,bada55,singapore,nbc,west
kr13662,karmah,rakestraw,f,december 4 1987,pentathlon,lenovo,kick_sauber,ffffff,barcelona,nba_tv,west
bc97346,brecken,coachman,f,january 1 1988,diving,panasonic,aston_martin,ffff66,spa,msnbc,east
eg86613,elisandro,gruner,m,september 7 1999,shooting,razer,williams,daa520,shanghai,msnbc,north
ah75824,avree,hoffmann,f,january 23 1989,shooting,msi,kick_sauber,b4eeb4,austin,cartoon_network,east
am57137,aleynah,mariano,f,february 20 1992,sailing,sony,aston_martin,ff80ed,spa,docurama,west
ce35656,cordellia,elizarraras,f,august 25 1999,diving,toshiba,red_bull,f0f8ff,yas_marina,tbs,south
an34156,adel,northup,m,december 17 1986,diving,sony,aston_martin,cbbeb5,zandvoort,cheddar,north
gk26154,gypsy,kostic,f,april 5 1998,water_polo,samsung,alpine,ff4040,monaco,telemundo,west
af59769,amberlyn,finucane,f,october 25 1989,football,intel,red_bull,2acaea,jeddah,bravo,east
bj33833,brexlie,janz,f,march 8 1996,table_tennis,compaq,red_bull,696969,las_vegas,food_network,east
av54994,avalei,valeri,f,february 18 1998,water_polo,dell,red_bull,ffff00,austin,cbs,west
lb55256,lugh,blandford,m,october 3 1999,shooting,intel,alpine,66cdaa,austin,national_geographic,east
ap88764,alonni,picard,f,february 29 1985,badminton,fujitsu,williams,990000,mexico_city,galavision,north
sr78886,sylvi,rodriguez,f,october 8 1992,shooting,dell,ferrari,66cccc,yas_marina,abc,east
mm28167,mackinley,muratalla,f,february 13 1986,athletics,hp,kick_sauber,00ffff,jeddah,hln,north
zc38235,zakariyya,cossette,m,april 27 1985,hockey,lg,mclaren,ff1493,silverstone,docurama,west
kp14987,kenley,packett,m,may 24 1999,rugby,hp,haas,065535,spa,bounce,south
pg24987,prayer,gremillion,f,november 10 1993,trampoline,microsoft,mclaren,f08080,spielberg,univision,west
jk27364,jahsiel,korpi,m,november 18 1997,hockey,ibm,mclaren,f5f5dc,spielberg,syfy,north
es16473,eloise,shuler,f,november 1 1985,cycling,razer,alpine,008000,barcelona,nick_jr,east
rp46712,remmy,petrich,f,july 25 1993,weightlifting,acer,haas,ff7373,budapest,cartoon_network,south
ys68217,yvana,swecker,f,august 12 1994,beach_volleyball,msi,haas,8a2be2,jeddah,fs1,west
bp49928,breigh,pesta,f,january 13 1993,boxing,samsung,alpine,ff6666,budapest,adult_swim,north
rm66881,rosilee,mahaney,f,june 9 1997,badminton,intel,mclaren,b0e0e6,spa,cmt,east
lt43785,luis,teel,m,september 6 1990,triathlon,hp,rb,ccff00,melbourne,tbs,east
zt27986,zhaire,tart,m,june 5 1988,table_tennis,ibm,rb,b6fcd5,las_vegas,cbs,east
jp69486,jakaylin,pauly,f,september 25 1985,volleyball,msi,ferrari,ff1493,shanghai,hln,west
me83145,manessa,esquivel,f,september 20 1986,fencing,panasonic,red_bull,ffff66,spielberg,fs1,north
tp85396,trillion,perko,m,april 25 1999,judo,sony,alpine,bada55,barcelona,motortrend,east
as82575,amoree,sui,f,july 29 1991,bmx,compaq,mclaren,ffe4e1,shanghai,golf_channel,north
rm92113,regulo,muralles,m,december 25 1990,beach_volleyball,razer,ferrari,ff7f50,yas_marina,telemundo,east
wb23131,waverly,braaten,m,september 3 1985,fencing,msi,kick_sauber,2acaea,mexico_city,paramount,west
jb58362,jeremiyah,brummitt,m,august 28 1991,badminton,toshiba,ferrari,ffb6c1,las_vegas,national_geographic,west
sm77745,shelia,mcburnett,f,april 20 1988,table_tennis,ibm,alpine,d3ffce,jeddah,hallmark,south
ri86365,rawling,iannucci,m,may 4 1989,handball,hp,red_bull,ff7373,imola,fx,south
tm97697,thaliana,mannion,f,november 19 1987,table_tennis,dell,rb,ffd700,mexico_city,accn,south
ag62344,analina,guin,f,june 21 1999,football,gateway,kick_sauber,696969,melbourne,cbs,north
as64595,ashaun,shown,m,december 11 1996,judo,microsoft,ferrari,f5f5f5,montreal,nicktoons,north
mj98379,maddux,jonson,m,april 7 1992,weightlifting,dell,mercedes,ffff00,las_vegas,abc,west
cb73226,chip,battisti,m,january 10 1987,beach_volleyball,apple,mercedes,8b0000,jeddah,paramount,south
cd53333,cosima,davidoff,f,august 14 1989,golf,lenovo,aston_martin,ffd700,silverstone,tyt,north
jm58738,juanjose,mccleary,m,november 9 1995,volleyball,samsung,ferrari,f5f5dc,jeddah,fx,east
fk41666,fotini,knudtson,f,december 19 1990,hockey,ibm,aston_martin,0a75ad,jeddah,syfy,north
yp86111,yasser,picazo,m,june 10 1986,wrestling,gateway,williams,00ff7f,jeddah,amc,south
ae43767,ahlana,esper,f,january 12 1998,beach_volleyball,gateway,kick_sauber,e6e6fa,yas_marina,freeform,south
kk25118,knowledge,kuzma,f,november 22 1989,tennis,apple,red_bull,ff6666,mexico_city,nicktoons,north
ee58259,ellian,enger,m,july 29 1991,canoe,toshiba,red_bull,f0f8ff,miami,msnbc,south
zo53887,zamyiah,orta,f,april 30 1987,fencing,microsoft,alpine,c39797,budapest,cw,east
hv12222,hanzala,varley,m,june 30 1991,bmx,msi,haas,f5f5dc,suzuka,telemundo,south
nw46934,naftali,whitford,m,may 7 1989,triathlon,dell,kick_sauber,ff00ff,suzuka,vh1,south
ef25443,estevan,favero,m,june 8 1999,cycling,msi,kick_sauber,ffff66,sao_paulo,cnn,south
ac22847,annastacia,chris,f,may 9 1998,wrestling,msi,aston_martin,cbbeb5,monza,tv_land,south
am75731,ari,mcbee,m,may 7 1989,golf,acer,haas,133337,jeddah,adult_swim,south
rs14132,raleigh,simic,m,april 1 1998,bmx,compaq,ferrari,ffa500,singapore,ifc,north
ec82129,emrys,charleston,m,may 30 1999,bmx,ibm,ferrari,6897bb,montreal,own,west
lk96544,lenny,kaylor,f,march 16 1985,rowing,gateway,haas,333333,lusail,telemundo,south
jr18434,jrue,romanski,f,july 1 1986,rugby,acer,williams,003366,miami,cnn,east
av18576,anyela,varughese,f,august 14 1998,diving,fujitsu,red_bull,eeeeee,budapest,hgtv,east
ja74481,jerusalema,angeles,f,june 13 1987,athletics,sony,red_bull,ff4040,silverstone,national_geographic,south
ct89481,chauncey,taborn,m,june 1 1992,equestrian,lg,rb,660066,lusail,own,south
tw82432,toni,wilkinson,f,october 28 1986,diving,sony,aston_martin,ffc3a0,shanghai,hallmark,east
sc73412,shameer,clavijo,m,february 19 1992,bmx,panasonic,red_bull,065535,austin,syfy,south
ry37118,riane,yochum,f,january 1 1994,cycling,fujitsu,ferrari,ccff00,sakhir,univision,east
aa59737,aasim,araya,m,june 7 1989,hockey,samsung,kick_sauber,999999,barcelona,vh1,east
ka89314,kishan,alldredge,m,february 3 1987,water_polo,toshiba,mercedes,660066,lusail,galavision,east
mf83881,miyanna,freese,f,august 2 1987,fencing,fujitsu,aston_martin,101010,sao_paulo,abc,east
iw92142,izzan,wegman,m,october 23 1996,badminton,dell,rb,ff4040,jeddah,comedy_central,north
ap27749,amethyst,payan,f,february 6 1999,pentathlon,sony,kick_sauber,808080,suzuka,oxygen,south
jb93248,jalyssa,bedford,f,march 21 1990,table_tennis,msi,kick_sauber,6897bb,monza,cnbc,north
tm34734,taj,murcia,f,may 30 1997,equestrian,msi,haas,66cdaa,monza,national_geographic,north
ma42359,marisabel,arel,f,march 6 1989,equestrian,ibm,red_bull,f08080,singapore,abc,south
rg84513,riyaan,grandinetti,m,june 8 1992,canoe,apple,alpine,ffe4e1,lusail,adult_swim,east
kf76543,kru,feuerstein,m,september 16 1997,rugby,fujitsu,alpine,ffff00,silverstone,natgeo_wild,north
so45582,sonoma,oloughlin,f,january 28 1993,wrestling,lenovo,aston_martin,990000,budapest,fox,east
fl59544,fahim,lutgen,m,july 27 1992,badminton,hp,aston_martin,dddddd,miami,btn,west
ss87838,stormy,semler,m,june 12 1991,golf,panasonic,kick_sauber,faebd7,spielberg,motortrend,east
jh53158,jencarlos,hochstein,m,october 10 1998,bmx,lg,mercedes,008000,spa,btn,east
kr81797,kadarius,ratzlaff,m,december 27 1999,bmx,samsung,alpine,7fffd4,yas_marina,weather_channel,west
eg62693,emree,goldwire,f,november 5 1989,golf,ibm,williams,8a2be2,las_vegas,discovery,east
cw26585,christain,word,m,december 21 1990,tennis,compaq,alpine,ffa500,spa,btn,west
fh82677,fransisco,hardy,m,september 28 1989,rugby,lg,ferrari,afeeee,sakhir,national_geographic,east
sm29867,shivin,moncrief,m,march 5 1991,canoe,panasonic,haas,008000,sao_paulo,tlc,north
io89635,itali,ocasio,f,september 30 1989,tennis,sony,williams,8a2be2,spa,animal_planet,west
am93126,araoluwa,medved,m,november 9 1993,shooting,ibm,kick_sauber,ffd700,las_vegas,hallmark,west
nt49333,naimah,traweek,f,february 2 1993,gymnastics,microsoft,williams,000000,mexico_city,univision,east
aa79814,augie,asif,m,january 11 1985,shooting,panasonic,williams,ff7f50,sakhir,food_network,west
ns25828,nicolai,schull,m,september 10 1999,wrestling,razer,williams,808080,baku,hsn,east
zg27215,ziva,gritton,f,november 22 1995,golf,hp,red_bull,00ff7f,jeddah,freeform,north
rh59711,reygan,hogle,f,march 21 1994,volleyball,toshiba,williams,f6546a,yas_marina,msnbc,east
eg18214,emmakate,gluck,f,january 15 1999,rugby,ibm,rb,800000,sakhir,cartoon_network,west
rb97361,raji,benites,m,december 20 1996,sailing,hp,rb,008080,melbourne,cmt,west
mw17912,montague,wolfgang,m,february 23 1998,athletics,microsoft,rb,0000ff,shanghai,fs2,south
mg37483,myan,guillermo,f,april 27 1994,tennis,dell,ferrari,ff80ed,austin,nbc,south
lc24493,lark,chavira,m,july 14 1995,equestrian,ibm,ferrari,00ffff,singapore,abc,west
lk21378,lucila,kaley,f,december 20 1985,canoe,samsung,ferrari,000080,yas_marina,hgtv,west
tb17373,tilson,basnight,m,november 25 1993,sailing,intel,ferrari,b0e0e6,zandvoort,tcm,east
jv66612,janaria,villamil,f,april 10 1998,trampoline,msi,alpine,fa8072,singapore,fox,west
bh74191,brailee,headrick,f,february 13 1985,gymnastics,panasonic,red_bull,ff0000,yas_marina,docurama,east
mm75446,maika,matta,f,september 27 1995,table_tennis,hp,ferrari,f5f5dc,melbourne,nbcsn,east
ar92887,ayven,rosenberry,m,february 14 1995,boxing,fujitsu,rb,666666,monaco,ifc,north
mp45758,moksha,presnell,f,january 17 1999,tennis,acer,haas,065535,barcelona,weather_channel,south
jv19657,jeriah,vancleve,f,september 6 1990,boxing,acer,rb,ffffff,las_vegas,cartoon_network,east
hp45345,hesston,plemmons,m,june 6 1996,beach_volleyball,ibm,mclaren,b4eeb4,monza,nba_tv,east
js16895,jelianys,swader,f,january 14 1988,water_polo,compaq,williams,f6546a,austin,nicktoons,south
jl82365,janilah,lukowski,f,august 24 1997,bmx,ibm,haas,ffb6c1,sao_paulo,btn,south
ad64849,annarose,ditty,f,january 6 1998,badminton,dell,mclaren,ccff00,barcelona,telemundo,west
aj77314,aria,jaiswal,f,may 2 1998,sailing,hp,kick_sauber,0e2f44,suzuka,univision,east
ar43996,asyn,rorrer,m,august 21 1990,beach_volleyball,compaq,haas,ff7373,spa,espn,south
hm56741,hadalynn,meli,f,december 29 1995,tennis,compaq,mercedes,990000,zandvoort,cnn,south
sc14513,sunisa,curreri,f,november 4 1996,gymnastics,lenovo,alpine,c39797,imola,motortrend,west
og92518,orgil,gallop,m,may 16 1989,judo,gateway,red_bull,fa8072,jeddah,motortrend,south
jr54513,jahkai,ruf,m,july 24 1990,volleyball,fujitsu,kick_sauber,c6e2ff,sakhir,hln,north
rp65885,remilee,parent,f,may 25 1997,volleyball,ibm,mercedes,990000,austin,abc,north
ag68718,adrijana,giebel,f,october 27 1995,canoe,intel,kick_sauber,a0db8e,lusail,bbc,east
km57188,kimoni,manson,m,august 22 1999,fencing,samsung,ferrari,cccccc,yas_marina,paramount,west
sg34439,suvi,gaylor,f,september 15 1997,table_tennis,compaq,rb,81d8d0,montreal,btn,west
jg33925,jeff,goodpasture,m,december 17 1990,rugby,compaq,haas,0a75ad,austin,abc,east
ac23187,azariel,celestine,m,september 17 1999,sailing,samsung,haas,3399ff,suzuka,hallmark,south
nb98216,nerissa,bloomquist,f,february 27 1996,canoe,apple,aston_martin,ffe4e1,imola,tbs,south
km34986,kaidynce,mundt,f,february 20 1992,volleyball,microsoft,alpine,40e0d0,spielberg,nick_jr,east
ka82564,kendalynn,andres,f,november 12 1996,football,hp,aston_martin,ffb6c1,jeddah,syfy,south
ef42955,elyias,fuehrer,m,september 19 1998,triathlon,gateway,mercedes,133337,sao_paulo,nickelodeon,west
sm76997,shey,mccabe,m,april 9 1998,taekwondo,ibm,haas,b0e0e6,melbourne,ion,east
km14198,kadarrius,merola,m,august 29 1990,volleyball,lg,red_bull,800000,monaco,cmt,north
ib14973,isadore,bamba,f,november 14 1991,athletics,dell,haas,133337,miami,motortrend,west
at79928,aahaan,tibbetts,m,december 23 1997,badminton,dell,haas,e6e6fa,zandvoort,hsn,west
tm73639,tahli,mcquaid,f,october 4 1991,equestrian,apple,haas,3399ff,austin,docurama,south
km27616,kanin,melone,m,november 26 1989,trampoline,samsung,kick_sauber,c39797,yas_marina,cheddar,north
ms53522,mazarine,specht,f,february 10 1989,golf,hp,haas,afeeee,zandvoort,fs2,west
de64132,devika,eligio,f,july 30 1998,badminton,hp,ferrari,666666,austin,adult_swim,north
go91519,gwynneth,ordones,f,june 29 1998,weightlifting,msi,williams,b4eeb4,austin,fs2,north
as12956,adream,sahli,f,august 15 1998,archery,panasonic,red_bull,ffc0cb,yas_marina,vh1,east
sk34332,samuelu,krieger,m,may 19 1995,archery,samsung,red_bull,c39797,miami,btn,east
ib26826,ireoluwa,babic,f,january 30 1988,tennis,razer,haas,468499,imola,fox,west
cg74875,cydney,grady,f,november 6 1987,water_polo,samsung,mercedes,ffc3a0,lusail,nbc,east
af55894,avani,frangos,m,november 18 1990,table_tennis,microsoft,alpine,eeeeee,las_vegas,trutv,south
at88828,avleen,tiner,f,december 11 1994,bmx,fujitsu,williams,420420,monza,food_network,north
ea72454,eliano,arshad,m,october 1 1988,hockey,msi,alpine,ffa500,melbourne,hallmark,north
ep83826,ennio,popejoy,m,september 12 1995,tennis,lg,haas,cbbeb5,sao_paulo,tv_land,west
xv73997,xylia,vandegrift,f,december 13 1999,diving,msi,kick_sauber,ffc3a0,montreal,btn,east
em71269,evania,malmstrom,f,march 13 1989,basketball,apple,williams,008000,zandvoort,docurama,west
nb39432,neaveh,barresi,f,august 26 1987,archery,toshiba,rb,00ffff,imola,ifc,west
rm73546,roux,maile,f,march 5 1995,swimming,gateway,kick_sauber,ff7373,budapest,fx,east
bm94496,braedan,mckittrick,m,july 12 1997,equestrian,dell,kick_sauber,faebd7,imola,own,east
od46792,orlando,dittrich,m,february 29 1985,triathlon,ibm,alpine,66cccc,austin,dove,west
rr12347,renad,remley,f,july 14 1990,volleyball,msi,aston_martin,c6e2ff,las_vegas,animal_planet,north
yk11453,yasaira,kronberg,f,february 16 1985,fencing,lenovo,aston_martin,0e2f44,spielberg,abc,south
ef24282,ensleigh,fontanilla,f,march 24 1989,canoe,microsoft,kick_sauber,f5f5dc,jeddah,nbc,south
ak93248,almir,kendle,m,january 10 1994,volleyball,fujitsu,ferrari,ff7373,sao_paulo,tcm,south
ze63923,zamani,eckard,f,january 12 1992,water_polo,dell,rb,b4eeb4,budapest,bbc,north
eb38168,elizza,beets,f,march 17 1986,gymnastics,intel,kick_sauber,333333,austin,cmt,north
tk34557,truly,kohnke,f,november 25 1986,weightlifting,hp,williams,800000,miami,food_network,west
ls72565,lennie,slack,m,july 22 1992,water_polo,ibm,haas,101010,shanghai,comedy_central,east
nc37152,noelani,chivers,f,june 1 1994,hockey,sony,red_bull,ff1493,sao_paulo,ifc,south
sb73112,saleena,beacom,f,july 12 1999,pentathlon,samsung,haas,794044,melbourne,tbs,north
kc28943,kilynn,callister,f,may 16 1989,sailing,microsoft,mercedes,f6546a,spa,msnbc,west
mw16866,mounir,woolen,m,november 8 1997,water_polo,ibm,alpine,420420,baku,docurama,east
na73996,neytiri,atterbury,f,may 14 1991,bmx,panasonic,haas,101010,montreal,cmt,west
aw31468,aiylah,wagers,f,march 26 1987,wrestling,razer,mclaren,fff68f,melbourne,ion,west
nc84663,nashoba,celi,m,january 6 1998,weightlifting,microsoft,aston_martin,c6e2ff,miami,food_network,east
aw53311,alyda,woo,f,september 9 1998,volleyball,apple,red_bull,ffc3a0,lusail,telemundo,east
mk11551,messiyah,kozik,m,september 6 1991,bmx,samsung,williams,00ced1,spielberg,fox,east
hp19843,hollan,pranger,f,august 9 1992,canoe,apple,aston_martin,ff0000,barcelona,oxygen,north
sp44119,serafin,prentiss,m,june 22 1999,sailing,fujitsu,haas,f6546a,miami,amc,east
ew81894,eternity,wardlaw,f,july 5 1986,pentathlon,dell,kick_sauber,ff7f50,shanghai,nicktoons,east
ak94849,abigaelle,khan,f,october 15 1995,cycling,toshiba,haas,088da5,monza,paramount,west
re99764,rissy,eckes,f,may 26 1993,archery,dell,haas,008000,barcelona,paramount,north
md15719,marshawn,dorey,m,november 6 1995,wrestling,dell,mclaren,81d8d0,monza,msnbc,south
nc16326,niem,cory,m,january 14 1998,pentathlon,toshiba,kick_sauber,3399ff,budapest,univision,east
le54931,lamaya,eggert,f,april 2 1991,rowing,gateway,mercedes,c6e2ff,austin,bravo,south
kk14348,kaicee,kittel,f,october 29 1987,football,intel,ferrari,bada55,budapest,nbclx,north
im64545,island,mansoor,m,september 28 1990,weightlifting,samsung,kick_sauber,ff00ff,imola,bet,south
jm44685,jariah,maack,m,july 15 1995,swimming,panasonic,kick_sauber,ccff00,mexico_city,bravo,west
ck35597,cyler,key,m,february 17 1986,golf,ibm,mercedes,00ff00,shanghai,espn,east
md31995,marty,dew,f,december 21 1991,fencing,lenovo,kick_sauber,794044,sao_paulo,hallmark,south
jg52282,jameson,gills,m,april 23 1985,cycling,microsoft,ferrari,ff4040,spa,cartoon_network,west
av58314,ailish,vasco,f,august 17 1997,rugby,razer,ferrari,f5f5f5,imola,dove,west
gd14846,gatlin,drewes,f,july 22 1987,rugby,gateway,red_bull,ff6666,spielberg,golf_channel,north
ei73459,elmore,ing,m,august 8 1988,shooting,hp,mercedes,f6546a,austin,nbc,west
yr84569,yissel,radomski,f,april 24 1988,taekwondo,msi,ferrari,e6e6fa,suzuka,pbs,east
as55472,aaric,steinberg,m,april 17 1998,wrestling,sony,aston_martin,40e0d0,suzuka,bet,north
ms48114,maikel,sabir,m,july 18 1992,bmx,msi,red_bull,66cdaa,miami,paramount,south
so61724,sherly,oropeza,f,june 27 1995,volleyball,hp,williams,101010,mexico_city,galavision,north
st93749,siara,tribble,f,march 24 1990,rugby,microsoft,mclaren,ffff66,sakhir,cw,north
de73316,dreu,ellwood,m,december 16 1985,pentathlon,lg,red_bull,0a75ad,spielberg,tyt,north
bm72142,barbie,marrujo,f,october 25 1995,trampoline,ibm,kick_sauber,468499,monaco,freeform,west
ah27151,aahil,hahm,m,june 23 1998,fencing,samsung,haas,696969,shanghai,own,south
jb21664,jensyn,bach,m,july 1 1999,taekwondo,samsung,red_bull,ffdab9,zandvoort,necn,west
lb99138,leeonna,backman,f,september 18 1995,handball,gateway,mclaren,133337,imola,btn,north
wd83468,wyonna,drouillard,f,december 7 1997,bmx,microsoft,haas,065535,miami,ifc,east
lp54269,landen,pauley,f,june 29 1993,gymnastics,lenovo,aston_martin,800000,barcelona,hallmark,north
rl64788,reighn,leder,f,january 12 1999,beach_volleyball,acer,williams,000000,miami,weather_channel,south
tw62643,tyliah,waldvogel,f,july 23 1988,swimming,sony,mclaren,800000,barcelona,fs2,west
yb93631,yumi,billie,f,march 26 1993,fencing,compaq,red_bull,000000,mexico_city,bbc,north
pa44277,pesha,advincula,f,may 29 1993,wrestling,panasonic,kick_sauber,660066,mexico_city,cnn,west
kr49961,khoa,riquelme,m,june 4 1992,shooting,microsoft,aston_martin,696969,sao_paulo,food_network,north
mc17539,melodygrace,conger,f,march 26 1989,shooting,msi,ferrari,40e0d0,spielberg,telemundo,south
ai95627,addilynn,ihle,f,january 2 1989,beach_volleyball,ibm,mercedes,ffc3a0,baku,espn,east
ar29712,arielis,roebuck,f,december 3 1985,taekwondo,toshiba,rb,7fffd4,sakhir,necn,south
wb81921,wynona,bitzer,f,february 21 1985,equestrian,dell,alpine,f08080,singapore,pbs,north
im84754,ivoree,melder,f,may 18 1990,athletics,hp,ferrari,cccccc,mexico_city,nba_tv,east
aw51173,adler,williams,m,december 11 1994,canoe,intel,alpine,0a75ad,miami,vh1,east
rd13894,robyn,daleo,f,february 6 1992,canoe,compaq,alpine,40e0d0,yas_marina,abc,south
an56457,aislinn,neeley,f,november 15 1991,triathlon,msi,aston_martin,0a75ad,barcelona,univision,east
wr94133,wahid,reith,m,september 28 1991,golf,microsoft,red_bull,b4eeb4,baku,cheddar,north
lh67594,laikin,horan,f,february 27 1999,wrestling,apple,haas,420420,spielberg,comedy_central,west
fs78818,fraida,saur,f,july 25 1994,golf,microsoft,ferrari,00ff00,sakhir,ion,east
ts55827,teigen,stenson,f,july 6 1992,diving,msi,aston_martin,ff00ff,zandvoort,vh1,west
se53898,shukrona,eason,f,may 9 1998,archery,gateway,alpine,ff0000,budapest,nbcsn,east
sc12217,steeley,chan,f,january 15 1997,tennis,hp,kick_sauber,cbbeb5,shanghai,hgtv,south
ds35549,dliyah,shoffner,f,march 30 1990,bmx,gateway,ferrari,40e0d0,mexico_city,tbs,south
yb86244,yanet,bordelon,f,february 23 1990,archery,msi,alpine,daa520,lusail,espn,north
kk53618,kaesen,kinley,m,march 27 1998,trampoline,razer,williams,420420,monaco,oxygen,north
ls34654,lamel,siddall,m,march 26 1988,table_tennis,toshiba,alpine,133337,silverstone,trutv,north
tb83734,tymier,burmeister,m,march 7 1995,archery,apple,haas,ffc0cb,yas_marina,tlc,south
vt55983,von,tipton,m,may 6 1988,rowing,razer,mercedes,00ced1,yas_marina,amc,south
aw86866,angella,weese,f,august 15 1998,sailing,samsung,haas,ff4040,zandvoort,abc,north
zb81979,zariel,belmore,f,march 11 1991,water_polo,intel,haas,000000,las_vegas,disney,north
ct18615,cashten,tickle,m,february 9 1987,weightlifting,samsung,ferrari,ff1493,sakhir,btn,east
mf24243,mckynlee,funkhouser,f,april 12 1989,wrestling,lg,aston_martin,0a75ad,sao_paulo,motortrend,north
sh28319,santina,hirata,f,march 6 1997,basketball,fujitsu,rb,794044,melbourne,hsn,east
dh86357,dimitris,hana,m,may 29 1996,fencing,microsoft,rb,f0f8ff,jeddah,hgtv,west
lb78575,lareen,blankenbaker,f,august 4 1999,weightlifting,msi,alpine,2acaea,silverstone,motortrend,west
jw23572,joseantonio,wilmes,m,august 12 1994,volleyball,samsung,ferrari,cccccc,monza,nbcsn,south
kk15329,kassiah,key,f,december 11 1998,sailing,dell,mercedes,dddddd,shanghai,tcm,south
nm41789,noman,mcmurtrie,m,october 19 1998,fencing,razer,mclaren,20b2aa,spa,tv_land,east
rc88216,reeva,climaco,f,november 27 1999,football,acer,williams,999999,zandvoort,nbcsn,south
mm12266,meritt,maday,f,september 13 1999,wrestling,compaq,ferrari,f6546a,silverstone,usa,east
zm11168,zelah,mcnaught,f,october 4 1989,triathlon,acer,haas,ff80ed,las_vegas,msnbc,north
an14811,adhya,niebla,f,may 24 1999,shooting,toshiba,mclaren,ffc3a0,spielberg,bravo,north
ms85846,maylyn,sliva,f,february 24 1997,boxing,apple,ferrari,faebd7,shanghai,cmt,north
kn33241,kortney,nauta,f,january 14 1986,taekwondo,msi,rb,133337,jeddah,trutv,north
rb86414,rubin,byron,m,august 11 1988,diving,panasonic,ferrari,f6546a,melbourne,lafc,north
hs38154,hawthorn,saintjean,m,may 5 1989,handball,fujitsu,haas,c6e2ff,melbourne,galavision,west
cr44696,chastity,rockhill,f,january 15 1999,volleyball,acer,kick_sauber,ff6666,jeddah,disney,east
ag66863,arcturus,glueck,m,march 9 1996,canoe,ibm,mercedes,990000,budapest,tcm,west
mf11415,maxie,freilich,f,may 6 1997,weightlifting,intel,red_bull,00ced1,lusail,disney,west
dm25519,dru,meissner,f,january 19 1999,hockey,dell,red_bull,cccccc,sakhir,oxygen,west
ns63517,noble,schrier,m,january 19 1992,table_tennis,razer,rb,ff1493,barcelona,adult_swim,east
lr37121,lavonte,radigan,m,february 7 1986,basketball,gateway,mclaren,000000,melbourne,weather_channel,east
